,ID,COORDINATES,ZIPCODE,AMENITY,LAT,LON
0,4573394345,"{
  ""coordinates"": [
    -7.398210890000000e+01,
    4.068983680000000e+01
  ],
  ""type"": ""Point""
}",11201,clinic,40.6898368,-73.9821089
1,4092401134,"{
  ""coordinates"": [
    -7.395014840000000e+01,
    4.068055310000000e+01
  ],
  ""type"": ""Point""
}",11216,pharmacy,40.6805531,-73.9501484
2,3315132873,"{
  ""coordinates"": [
    -7.396533320000000e+01,
    4.057655780000000e+01
  ],
  ""type"": ""Point""
}",11235,pharmacy,40.5765578,-73.9653332
3,2550589973,"{
  ""coordinates"": [
    -7.398929540000000e+01,
    4.066584060000000e+01
  ],
  ""type"": ""Point""
}",11215,clinic,40.6658406,-73.9892954
4,6577696352,"{
  ""coordinates"": [
    -7.395554880000000e+01,
    4.067055680000000e+01
  ],
  ""type"": ""Point""
}",11216,clinic,40.6705568,-73.9555488
5,5227300729,"{
  ""coordinates"": [
    -7.398397570000000e+01,
    4.061117570000000e+01
  ],
  ""type"": ""Point""
}",11204,pharmacy,40.6111757,-73.9839757
6,6680357309,"{
  ""coordinates"": [
    -7.398012770000000e+01,
    4.068528540000000e+01
  ],
  ""type"": ""Point""
}",11217,dentist,40.6852854,-73.9801277
7,5905417714,"{
  ""coordinates"": [
    -7.398059130000000e+01,
    4.068574030000000e+01
  ],
  ""type"": ""Point""
}",11217,social_facility,40.6857403,-73.9805913
8,9008487124,"{
  ""coordinates"": [
    -7.396345270000000e+01,
    4.068286880000000e+01
  ],
  ""type"": ""Point""
}",11238,social_facility,40.6828688,-73.9634527
9,9739964878,"{
  ""coordinates"": [
    -7.398506890000000e+01,
    4.066248030000000e+01
  ],
  ""type"": ""Point""
}",11215,doctors,40.6624803,-73.9850689
10,5061941927,"{
  ""coordinates"": [
    -7.399975320000000e+01,
    4.060002770000000e+01
  ],
  ""type"": ""Point""
}",11214,pharmacy,40.6000277,-73.9997532
11,5747307500,"{
  ""coordinates"": [
    -7.394339560000000e+01,
    4.067103270000000e+01
  ],
  ""type"": ""Point""
}",11213,pharmacy,40.6710327,-73.9433956
12,5517079863,"{
  ""coordinates"": [
    -7.397671980000000e+01,
    4.067247380000000e+01
  ],
  ""type"": ""Point""
}",11215,clinic,40.6724738,-73.9767198
13,6127070111,"{
  ""coordinates"": [
    -7.398587550000001e+01,
    4.066875790000000e+01
  ],
  ""type"": ""Point""
}",11215,dentist,40.6687579,-73.9858755
14,3118144381,"{
  ""coordinates"": [
    -7.390905650000001e+01,
    4.066239810000000e+01
  ],
  ""type"": ""Point""
}",11212,pharmacy,40.6623981,-73.9090565
15,8770160444,"{
  ""coordinates"": [
    -7.397419090000000e+01,
    4.067923530000000e+01
  ],
  ""type"": ""Point""
}",11217,pharmacy,40.6792353,-73.9741909
16,5959331488,"{
  ""coordinates"": [
    -7.398531989999999e+01,
    4.066495450000000e+01
  ],
  ""type"": ""Point""
}",11215,doctors,40.6649545,-73.9853199
17,2523787370,"{
  ""coordinates"": [
    -7.399299540000000e+01,
    4.068877420000000e+01
  ],
  ""type"": ""Point""
}",11201,social_facility,40.6887742,-73.9929954
18,4459833890,"{
  ""coordinates"": [
    -7.397738760000000e+01,
    4.063079400000000e+01
  ],
  ""type"": ""Point""
}",11218,pharmacy,40.630794,-73.9773876
19,8990347860,"{
  ""coordinates"": [
    -7.402445950000001e+01,
    4.062539310000000e+01
  ],
  ""type"": ""Point""
}",11209,social_facility,40.6253931,-74.0244595
20,4316479493,"{
  ""coordinates"": [
    -7.396237290000001e+01,
    4.071996940000000e+01
  ],
  ""type"": ""Point""
}",11249,pharmacy,40.7199694,-73.9623729
21,5809621627,"{
  ""coordinates"": [
    -7.398566219999999e+01,
    4.068682230000000e+01
  ],
  ""type"": ""Point""
}",11217,social_facility,40.6868223,-73.9856622
22,5522389588,"{
  ""coordinates"": [
    -7.398716060000000e+01,
    4.067185750000000e+01
  ],
  ""type"": ""Point""
}",11215,dentist,40.6718575,-73.9871606
23,3218809697,"{
  ""coordinates"": [
    -7.400729870000001e+01,
    4.063795040000000e+01
  ],
  ""type"": ""Point""
}",11220,pharmacy,40.6379504,-74.0072987
24,8395373223,"{
  ""coordinates"": [
    -7.397212320000000e+01,
    4.067512680000000e+01
  ],
  ""type"": ""Point""
}",11217,doctors,40.6751268,-73.9721232
25,5226926122,"{
  ""coordinates"": [
    -7.400087850000000e+01,
    4.061378030000000e+01
  ],
  ""type"": ""Point""
}",11214,doctors,40.6137803,-74.0008785
26,6801393607,"{
  ""coordinates"": [
    -7.399096260000000e+01,
    4.069332720000000e+01
  ],
  ""type"": ""Point""
}",11201,clinic,40.6933272,-73.9909626
27,2568710226,"{
  ""coordinates"": [
    -7.397948470000000e+01,
    4.066565070000000e+01
  ],
  ""type"": ""Point""
}",11215,doctors,40.6656507,-73.9794847
28,2550066392,"{
  ""coordinates"": [
    -7.398497820000000e+01,
    4.068652530000000e+01
  ],
  ""type"": ""Point""
}",11217,doctors,40.6865253,-73.9849782
29,5991860908,"{
  ""coordinates"": [
    -7.398475390000000e+01,
    4.066884450000000e+01
  ],
  ""type"": ""Point""
}",11215,pharmacy,40.6688445,-73.9847539
30,6680340123,"{
  ""coordinates"": [
    -7.398234030000000e+01,
    4.068929690000000e+01
  ],
  ""type"": ""Point""
}",11201,clinic,40.6892969,-73.9823403
31,5888559896,"{
  ""coordinates"": [
    -7.398782310000000e+01,
    4.066698930000000e+01
  ],
  ""type"": ""Point""
}",11215,dentist,40.6669893,-73.9878231
32,9738560330,"{
  ""coordinates"": [
    -7.398031659999999e+01,
    4.064275230000000e+01
  ],
  ""type"": ""Point""
}",11218,doctors,40.6427523,-73.9803166
33,9701538277,"{
  ""coordinates"": [
    -7.396205890000000e+01,
    4.062524400000000e+01
  ],
  ""type"": ""Point""
}",11230,pharmacy,40.625244,-73.9620589
34,9740146604,"{
  ""coordinates"": [
    -7.397915730000000e+01,
    4.064243840000000e+01
  ],
  ""type"": ""Point""
}",11218,pharmacy,40.6424384,-73.9791573
35,9288613745,"{
  ""coordinates"": [
    -7.398721750000000e+01,
    4.066831750000000e+01
  ],
  ""type"": ""Point""
}",11215,dentist,40.6683175,-73.9872175
36,5821635873,"{
  ""coordinates"": [
    -7.398264610000000e+01,
    4.066761990000000e+01
  ],
  ""type"": ""Point""
}",11215,dentist,40.6676199,-73.9826461
37,6386773206,"{
  ""coordinates"": [
    -7.400880660000000e+01,
    4.065573440000000e+01
  ],
  ""type"": ""Point""
}",11232,pharmacy,40.6557344,-74.0088066
38,6374724264,"{
  ""coordinates"": [
    -7.399303940000000e+01,
    4.068878590000000e+01
  ],
  ""type"": ""Point""
}",11201,social_facility,40.6887859,-73.9930394
39,5784468453,"{
  ""coordinates"": [
    -7.396055509999999e+01,
    4.060640310000000e+01
  ],
  ""type"": ""Point""
}",11229,hospital,40.6064031,-73.9605551
40,7185598658,"{
  ""coordinates"": [
    -7.399528420000000e+01,
    4.069066340000000e+01
  ],
  ""type"": ""Point""
}",11201,doctors,40.6906634,-73.9952842
41,5582248927,"{
  ""coordinates"": [
    -7.395198470000000e+01,
    4.071787860000000e+01
  ],
  ""type"": ""Point""
}",11211,dentist,40.7178786,-73.9519847
42,6340847827,"{
  ""coordinates"": [
    -7.399144720000000e+01,
    4.068502210000000e+01
  ],
  ""type"": ""Point""
}",11201,clinic,40.6850221,-73.9914472
43,2287666023,"{
  ""coordinates"": [
    -7.396213700000000e+01,
    4.060703450000000e+01
  ],
  ""type"": ""Point""
}",11223,pharmacy,40.6070345,-73.962137
44,7072433733,"{
  ""coordinates"": [
    -7.403326950000000e+01,
    4.061856690000000e+01
  ],
  ""type"": ""Point""
}",11209,pharmacy,40.6185669,-74.0332695
45,9411186757,"{
  ""coordinates"": [
    -7.395938230000000e+01,
    4.068203330000000e+01
  ],
  ""type"": ""Point""
}",11238,social_facility,40.6820333,-73.9593823
46,2550581143,"{
  ""coordinates"": [
    -7.398817219999999e+01,
    4.066987410000000e+01
  ],
  ""type"": ""Point""
}",11215,doctors,40.6698741,-73.9881722
47,5131434722,"{
  ""coordinates"": [
    -7.396057240000000e+01,
    4.060991720000000e+01
  ],
  ""type"": ""Point""
}",11229,clinic,40.6099172,-73.9605724
48,2561983225,"{
  ""coordinates"": [
    -7.397588960000000e+01,
    4.064415060000000e+01
  ],
  ""type"": ""Point""
}",11218,pharmacy,40.6441506,-73.9758896
49,7137604766,"{
  ""coordinates"": [
    -7.396648580000000e+01,
    4.068251230000000e+01
  ],
  ""type"": ""Point""
}",11238,clinic,40.6825123,-73.9664858
50,5554830150,"{
  ""coordinates"": [
    -7.391584890000000e+01,
    4.070430180000000e+01
  ],
  ""type"": ""Point""
}",11237,pharmacy,40.7043018,-73.9158489
51,9762844874,"{
  ""coordinates"": [
    -7.402041850000001e+01,
    4.064551790000000e+01
  ],
  ""type"": ""Point""
}",11220,pharmacy,40.6455179,-74.0204185
52,7185598656,"{
  ""coordinates"": [
    -7.399474069999999e+01,
    4.069066120000000e+01
  ],
  ""type"": ""Point""
}",11201,dentist,40.6906612,-73.9947407
53,5744312489,"{
  ""coordinates"": [
    -7.393517439999999e+01,
    4.069674020000000e+01
  ],
  ""type"": ""Point""
}",11221,pharmacy,40.6967402,-73.9351744
54,5970480679,"{
  ""coordinates"": [
    -7.399682670000000e+01,
    4.068079550000000e+01
  ],
  ""type"": ""Point""
}",11231,dentist,40.6807955,-73.9968267
55,9015394963,"{
  ""coordinates"": [
    -7.396005049999999e+01,
    4.068833320000000e+01
  ],
  ""type"": ""Point""
}",11238,social_facility,40.6883332,-73.9600505
56,7884716849,"{
  ""coordinates"": [
    -7.399355290000000e+01,
    4.069240870000000e+01
  ],
  ""type"": ""Point""
}",11201,doctors,40.6924087,-73.9935529
57,5737743042,"{
  ""coordinates"": [
    -7.398083240000000e+01,
    4.066803160000000e+01
  ],
  ""type"": ""Point""
}",11215,doctors,40.6680316,-73.9808324
58,5804793329,"{
  ""coordinates"": [
    -7.398582820000000e+01,
    4.066873870000000e+01
  ],
  ""type"": ""Point""
}",11215,doctors,40.6687387,-73.9858282
59,9538501224,"{
  ""coordinates"": [
    -7.402441420000000e+01,
    4.062847760000000e+01
  ],
  ""type"": ""Point""
}",11209,doctors,40.6284776,-74.0244142
60,9127978821,"{
  ""coordinates"": [
    -7.402321530000000e+01,
    4.063595340000000e+01
  ],
  ""type"": ""Point""
}",11220,doctors,40.6359534,-74.0232153
61,6129142450,"{
  ""coordinates"": [
    -7.391667980000000e+01,
    4.069532560000000e+01
  ],
  ""type"": ""Point""
}",11221,social_facility,40.6953256,-73.9166798
62,5771391407,"{
  ""coordinates"": [
    -7.398275540000000e+01,
    4.066988620000000e+01
  ],
  ""type"": ""Point""
}",11215,doctors,40.6698862,-73.9827554
63,8583567932,"{
  ""coordinates"": [
    -7.396944520000000e+01,
    4.057621990000000e+01
  ],
  ""type"": ""Point""
}",11235,pharmacy,40.5762199,-73.9694452
64,8986551506,"{
  ""coordinates"": [
    -7.403400600000001e+01,
    4.061333870000000e+01
  ],
  ""type"": ""Point""
}",11209,doctors,40.6133387,-74.034006
65,5584491156,"{
  ""coordinates"": [
    -7.391484600000000e+01,
    4.070180090000000e+01
  ],
  ""type"": ""Point""
}",11237,pharmacy,40.7018009,-73.914846
66,2567902148,"{
  ""coordinates"": [
    -7.395060250000000e+01,
    4.067033870000000e+01
  ],
  ""type"": ""Point""
}",11216,pharmacy,40.6703387,-73.9506025
67,2705995454,"{
  ""coordinates"": [
    -7.395664979999999e+01,
    4.067388260000000e+01
  ],
  ""type"": ""Point""
}",11216,dentist,40.6738826,-73.9566498
68,9139094430,"{
  ""coordinates"": [
    -7.403580220000001e+01,
    4.062438740000000e+01
  ],
  ""type"": ""Point""
}",11209,doctors,40.6243874,-74.0358022
69,7436683607,"{
  ""coordinates"": [
    -7.399336520000000e+01,
    4.060211220000000e+01
  ],
  ""type"": ""Point""
}",11214,pharmacy,40.6021122,-73.9933652
70,2568294807,"{
  ""coordinates"": [
    -7.397366950000000e+01,
    4.069340000000000e+01
  ],
  ""type"": ""Point""
}",11205,pharmacy,40.6934,-73.9736695
71,9543748335,"{
  ""coordinates"": [
    -7.395361620000000e+01,
    4.066313440000000e+01
  ],
  ""type"": ""Point""
}",11225,doctors,40.6631344,-73.9536162
72,5506774616,"{
  ""coordinates"": [
    -7.398575660000000e+01,
    4.067007080000000e+01
  ],
  ""type"": ""Point""
}",11215,clinic,40.6700708,-73.9857566
73,2276303570,"{
  ""coordinates"": [
    -7.395208140000000e+01,
    4.069470830000000e+01
  ],
  ""type"": ""Point""
}",11206,pharmacy,40.6947083,-73.9520814
74,5542741348,"{
  ""coordinates"": [
    -7.394459790000001e+01,
    4.062934090000000e+01
  ],
  ""type"": ""Point""
}",11210,dentist,40.6293409,-73.9445979
75,6659120121,"{
  ""coordinates"": [
    -7.397209549999999e+01,
    4.067511580000000e+01
  ],
  ""type"": ""Point""
}",11217,doctors,40.6751158,-73.9720955
76,6465694424,"{
  ""coordinates"": [
    -7.398140010000000e+01,
    4.068773510000000e+01
  ],
  ""type"": ""Point""
}",11217,social_facility,40.6877351,-73.9814001
77,6051651495,"{
  ""coordinates"": [
    -7.399023860000000e+01,
    4.066470380000000e+01
  ],
  ""type"": ""Point""
}",11215,dentist,40.6647038,-73.9902386
78,2827624192,"{
  ""coordinates"": [
    -7.400128890000001e+01,
    4.067510950000000e+01
  ],
  ""type"": ""Point""
}",11231,clinic,40.6751095,-74.0012889
79,8714927139,"{
  ""coordinates"": [
    -7.397395600000000e+01,
    4.064527890000000e+01
  ],
  ""type"": ""Point""
}",11218,doctors,40.6452789,-73.973956
80,7650929751,"{
  ""coordinates"": [
    -7.397024740000001e+01,
    4.057579570000000e+01
  ],
  ""type"": ""Point""
}",11224,clinic,40.5757957,-73.9702474
81,5706940521,"{
  ""coordinates"": [
    -7.395340260000000e+01,
    4.058084240000000e+01
  ],
  ""type"": ""Point""
}",11235,doctors,40.5808424,-73.9534026
82,7040464285,"{
  ""coordinates"": [
    -7.395504790000000e+01,
    4.071816100000000e+01
  ],
  ""type"": ""Point""
}",11211,pharmacy,40.718161,-73.9550479
83,5209293424,"{
  ""coordinates"": [
    -7.387925860000000e+01,
    4.068153300000000e+01
  ],
  ""type"": ""Point""
}",11208,pharmacy,40.681533,-73.8792586
84,2568275819,"{
  ""coordinates"": [
    -7.397206980000000e+01,
    4.069334280000000e+01
  ],
  ""type"": ""Point""
}",11205,pharmacy,40.6933428,-73.9720698
85,2550043137,"{
  ""coordinates"": [
    -7.398133319999999e+01,
    4.067490680000000e+01
  ],
  ""type"": ""Point""
}",11215,dentist,40.6749068,-73.9813332
86,617378105,"{
  ""coordinates"": [
    -7.394452020000000e+01,
    4.071437840000000e+01
  ],
  ""type"": ""Point""
}",11211,pharmacy,40.7143784,-73.9445202
87,9545977368,"{
  ""coordinates"": [
    -7.395327670000000e+01,
    4.066002660000000e+01
  ],
  ""type"": ""Point""
}",11225,social_facility,40.6600266,-73.9532767
88,2550057124,"{
  ""coordinates"": [
    -7.397967110000000e+01,
    4.067782120000000e+01
  ],
  ""type"": ""Point""
}",11217,pharmacy,40.6778212,-73.9796711
89,3592088497,"{
  ""coordinates"": [
    -7.397384380000000e+01,
    4.068593100000000e+01
  ],
  ""type"": ""Point""
}",11217,pharmacy,40.685931,-73.9738438
90,9248848533,"{
  ""coordinates"": [
    -7.398938020000000e+01,
    4.061973910000000e+01
  ],
  ""type"": ""Point""
}",11204,dentist,40.6197391,-73.9893802
91,5683043416,"{
  ""coordinates"": [
    -7.399343840000000e+01,
    4.061611650000000e+01
  ],
  ""type"": ""Point""
}",11204,pharmacy,40.6161165,-73.9934384
92,357642766,"{
  ""coordinates"": [
    -7.400983170000001e+01,
    4.067788170000000e+01
  ],
  ""type"": ""Point""
}",11231,doctors,40.6778817,-74.0098317
93,8972592596,"{
  ""coordinates"": [
    -7.399391880000000e+01,
    4.069481600000000e+01
  ],
  ""type"": ""Point""
}",11201,clinic,40.694816,-73.9939188
94,6239603877,"{
  ""coordinates"": [
    -7.393909760000000e+01,
    4.067447830000000e+01
  ],
  ""type"": ""Point""
}",11213,pharmacy,40.6744783,-73.9390976
95,5676532829,"{
  ""coordinates"": [
    -7.397949340000000e+01,
    4.061124320000000e+01
  ],
  ""type"": ""Point""
}",11204,doctors,40.6112432,-73.9794934
96,4574659098,"{
  ""coordinates"": [
    -7.396102440000000e+01,
    4.060150740000000e+01
  ],
  ""type"": ""Point""
}",11223,clinic,40.6015074,-73.9610244
97,2568918249,"{
  ""coordinates"": [
    -7.396298140000000e+01,
    4.067467250000000e+01
  ],
  ""type"": ""Point""
}",11238,dentist,40.6746725,-73.9629814
98,3118221934,"{
  ""coordinates"": [
    -7.390654280000000e+01,
    4.068995300000000e+01
  ],
  ""type"": ""Point""
}",11207,pharmacy,40.689953,-73.9065428
99,6498925412,"{
  ""coordinates"": [
    -7.398933850000000e+01,
    4.068817570000000e+01
  ],
  ""type"": ""Point""
}",11201,dentist,40.6881757,-73.9893385
100,2572920379,"{
  ""coordinates"": [
    -7.397945439999999e+01,
    4.068715410000000e+01
  ],
  ""type"": ""Point""
}",11217,dentist,40.6871541,-73.9794544
101,1042045063,"{
  ""coordinates"": [
    -7.397223020000000e+01,
    4.058008240000000e+01
  ],
  ""type"": ""Point""
}",11224,pharmacy,40.5800824,-73.9722302
102,7656686577,"{
  ""coordinates"": [
    -7.400895690000000e+01,
    4.063580040000000e+01
  ],
  ""type"": ""Point""
}",11220,pharmacy,40.6358004,-74.0089569
103,2287666017,"{
  ""coordinates"": [
    -7.395579380000000e+01,
    4.060965880000000e+01
  ],
  ""type"": ""Point""
}",11229,pharmacy,40.6096588,-73.9557938
104,7143421395,"{
  ""coordinates"": [
    -7.399799750000000e+01,
    4.068960960000000e+01
  ],
  ""type"": ""Point""
}",11201,doctors,40.6896096,-73.9979975
105,6902849785,"{
  ""coordinates"": [
    -7.395232720000000e+01,
    4.058847880000000e+01
  ],
  ""type"": ""Point""
}",11235,dentist,40.5884788,-73.9523272
106,5837155212,"{
  ""coordinates"": [
    -7.397132379999999e+01,
    4.067520780000000e+01
  ],
  ""type"": ""Point""
}",11217,dentist,40.6752078,-73.9713238
107,8287649393,"{
  ""coordinates"": [
    -7.400033519999999e+01,
    4.064412570000000e+01
  ],
  ""type"": ""Point""
}",11220,doctors,40.6441257,-74.0003352
108,5683043412,"{
  ""coordinates"": [
    -7.399341650000000e+01,
    4.061635630000000e+01
  ],
  ""type"": ""Point""
}",11204,dentist,40.6163563,-73.9934165
109,5401113140,"{
  ""coordinates"": [
    -7.395370290000000e+01,
    4.061005520000000e+01
  ],
  ""type"": ""Point""
}",11229,dentist,40.6100552,-73.9537029
110,8859335292,"{
  ""coordinates"": [
    -7.392323070000000e+01,
    4.060954440000000e+01
  ],
  ""type"": ""Point""
}",11234,clinic,40.6095444,-73.9232307
111,9017912437,"{
  ""coordinates"": [
    -7.395586969999999e+01,
    4.068130620000000e+01
  ],
  ""type"": ""Point""
}",11238,pharmacy,40.6813062,-73.9558697
112,6659120120,"{
  ""coordinates"": [
    -7.397206780000000e+01,
    4.067510480000000e+01
  ],
  ""type"": ""Point""
}",11217,doctors,40.6751048,-73.9720678
113,6068993416,"{
  ""coordinates"": [
    -7.394485320000000e+01,
    4.071820040000000e+01
  ],
  ""type"": ""Point""
}",11211,dentist,40.7182004,-73.9448532
114,2552592651,"{
  ""coordinates"": [
    -7.399658040000000e+01,
    4.057519510000000e+01
  ],
  ""type"": ""Point""
}",11224,dentist,40.5751951,-73.9965804
115,9403176559,"{
  ""coordinates"": [
    -7.395140619999999e+01,
    4.068084370000000e+01
  ],
  ""type"": ""Point""
}",11216,social_facility,40.6808437,-73.9514062
116,6913633400,"{
  ""coordinates"": [
    -7.400396859999999e+01,
    4.060845460000000e+01
  ],
  ""type"": ""Point""
}",11214,doctors,40.6084546,-74.0039686
117,6193931680,"{
  ""coordinates"": [
    -7.396224100000001e+01,
    4.068237410000000e+01
  ],
  ""type"": ""Point""
}",11238,social_facility,40.6823741,-73.962241
118,9127978820,"{
  ""coordinates"": [
    -7.402377989999999e+01,
    4.063457880000000e+01
  ],
  ""type"": ""Point""
}",11209,pharmacy,40.6345788,-74.0237799
119,9525582838,"{
  ""coordinates"": [
    -7.399021569999999e+01,
    4.069108300000000e+01
  ],
  ""type"": ""Point""
}",11201,doctors,40.691083,-73.9902157
120,617740838,"{
  ""coordinates"": [
    -7.394445310000000e+01,
    4.071606790000000e+01
  ],
  ""type"": ""Point""
}",11211,pharmacy,40.7160679,-73.9444531
121,5827855718,"{
  ""coordinates"": [
    -7.398724950000000e+01,
    4.066845420000000e+01
  ],
  ""type"": ""Point""
}",11215,pharmacy,40.6684542,-73.9872495
122,6202133313,"{
  ""coordinates"": [
    -7.398577840000000e+01,
    4.066868510000000e+01
  ],
  ""type"": ""Point""
}",11215,dentist,40.6686851,-73.9857784
123,6154016861,"{
  ""coordinates"": [
    -7.397454490000000e+01,
    4.067393180000000e+01
  ],
  ""type"": ""Point""
}",11215,dentist,40.6739318,-73.9745449
124,2842929285,"{
  ""coordinates"": [
    -7.395430360000000e+01,
    4.072998360000000e+01
  ],
  ""type"": ""Point""
}",11222,pharmacy,40.7299836,-73.9543036
125,5418730211,"{
  ""coordinates"": [
    -7.395438059999999e+01,
    4.073208210000000e+01
  ],
  ""type"": ""Point""
}",11222,clinic,40.7320821,-73.9543806
126,7227454901,"{
  ""coordinates"": [
    -7.403218880000000e+01,
    4.061423400000000e+01
  ],
  ""type"": ""Point""
}",11209,dentist,40.614234,-74.0321888
127,9196279077,"{
  ""coordinates"": [
    -7.398651820000001e+01,
    4.069157380000000e+01
  ],
  ""type"": ""Point""
}",11201,social_facility,40.6915738,-73.9865182
128,6045151514,"{
  ""coordinates"": [
    -7.398457050000000e+01,
    4.067100940000000e+01
  ],
  ""type"": ""Point""
}",11215,dentist,40.6710094,-73.9845705
129,5642678921,"{
  ""coordinates"": [
    -7.398622469999999e+01,
    4.067405940000000e+01
  ],
  ""type"": ""Point""
}",11215,clinic,40.6740594,-73.9862247
130,5627877217,"{
  ""coordinates"": [
    -7.391835690000001e+01,
    4.070358700000000e+01
  ],
  ""type"": ""Point""
}",11237,pharmacy,40.703587,-73.9183569
131,9431874775,"{
  ""coordinates"": [
    -7.401779390000000e+01,
    4.064176030000000e+01
  ],
  ""type"": ""Point""
}",11220,pharmacy,40.6417603,-74.0177939
132,5771336671,"{
  ""coordinates"": [
    -7.398527670000000e+01,
    4.067065950000000e+01
  ],
  ""type"": ""Point""
}",11215,dentist,40.6706595,-73.9852767
133,5984018672,"{
  ""coordinates"": [
    -7.398906570000000e+01,
    4.066533580000000e+01
  ],
  ""type"": ""Point""
}",11215,pharmacy,40.6653358,-73.9890657
134,7173534472,"{
  ""coordinates"": [
    -7.395320780000000e+01,
    4.070815080000000e+01
  ],
  ""type"": ""Point""
}",11211,dentist,40.7081508,-73.9532078
135,5054901821,"{
  ""coordinates"": [
    -7.395149080000000e+01,
    4.072469680000000e+01
  ],
  ""type"": ""Point""
}",11222,pharmacy,40.7246968,-73.9514908
136,9203459393,"{
  ""coordinates"": [
    -7.399841670000001e+01,
    4.064595200000000e+01
  ],
  ""type"": ""Point""
}",11232,social_facility,40.645952,-73.9984167
137,6175517873,"{
  ""coordinates"": [
    -7.396574459999999e+01,
    4.068338640000000e+01
  ],
  ""type"": ""Point""
}",11238,clinic,40.6833864,-73.9657446
138,9330433968,"{
  ""coordinates"": [
    -7.399115380000001e+01,
    4.069454650000000e+01
  ],
  ""type"": ""Point""
}",11201,social_facility,40.6945465,-73.9911538
139,5262715422,"{
  ""coordinates"": [
    -7.394735249999999e+01,
    4.072501680000000e+01
  ],
  ""type"": ""Point""
}",11222,pharmacy,40.7250168,-73.9473525
140,3689688988,"{
  ""coordinates"": [
    -7.398671250000000e+01,
    4.066891660000000e+01
  ],
  ""type"": ""Point""
}",11215,pharmacy,40.6689166,-73.9867125
141,6340488793,"{
  ""coordinates"": [
    -7.399490840000000e+01,
    4.068405370000000e+01
  ],
  ""type"": ""Point""
}",11231,dentist,40.6840537,-73.9949084
142,5747283834,"{
  ""coordinates"": [
    -7.397429980000000e+01,
    4.063609190000000e+01
  ],
  ""type"": ""Point""
}",11218,pharmacy,40.6360919,-73.9742998
143,9547863218,"{
  ""coordinates"": [
    -7.401221030000001e+01,
    4.064432690000000e+01
  ],
  ""type"": ""Point""
}",11220,social_facility,40.6443269,-74.0122103
144,7436683608,"{
  ""coordinates"": [
    -7.399349110000000e+01,
    4.060249510000000e+01
  ],
  ""type"": ""Point""
}",11214,pharmacy,40.6024951,-73.9934911
145,8986281995,"{
  ""coordinates"": [
    -7.403371950000000e+01,
    4.061234660000000e+01
  ],
  ""type"": ""Point""
}",11209,doctors,40.6123466,-74.0337195
146,3118183259,"{
  ""coordinates"": [
    -7.391025100000000e+01,
    4.068525020000000e+01
  ],
  ""type"": ""Point""
}",11207,pharmacy,40.6852502,-73.910251
147,7884716852,"{
  ""coordinates"": [
    -7.399358070000000e+01,
    4.069241640000000e+01
  ],
  ""type"": ""Point""
}",11201,doctors,40.6924164,-73.9935807
148,9290899135,"{
  ""coordinates"": [
    -7.395900530000000e+01,
    4.066824040000000e+01
  ],
  ""type"": ""Point""
}",11225,pharmacy,40.6682404,-73.9590053
149,2568848980,"{
  ""coordinates"": [
    -7.397410410000001e+01,
    4.067913500000000e+01
  ],
  ""type"": ""Point""
}",11217,dentist,40.679135,-73.9741041
150,6350185139,"{
  ""coordinates"": [
    -7.399451580000000e+01,
    4.061461250000000e+01
  ],
  ""type"": ""Point""
}",11204,doctors,40.6146125,-73.9945158
151,5941311558,"{
  ""coordinates"": [
    -7.401654600000001e+01,
    4.064234240000000e+01
  ],
  ""type"": ""Point""
}",11220,clinic,40.6423424,-74.016546
152,2842175068,"{
  ""coordinates"": [
    -7.394923609999999e+01,
    4.071418910000000e+01
  ],
  ""type"": ""Point""
}",11211,doctors,40.7141891,-73.9492361
153,5888546109,"{
  ""coordinates"": [
    -7.398777830000000e+01,
    4.066696880000000e+01
  ],
  ""type"": ""Point""
}",11215,social_facility,40.6669688,-73.9877783
154,4961221923,"{
  ""coordinates"": [
    -7.399357740000001e+01,
    4.069273160000000e+01
  ],
  ""type"": ""Point""
}",11201,clinic,40.6927316,-73.9935774
155,9196215051,"{
  ""coordinates"": [
    -7.395191370000001e+01,
    4.058349470000000e+01
  ],
  ""type"": ""Point""
}",11235,dentist,40.5834947,-73.9519137
156,5828860109,"{
  ""coordinates"": [
    -7.396534640000000e+01,
    4.057788810000000e+01
  ],
  ""type"": ""Point""
}",11235,dentist,40.5778881,-73.9653464
157,9750049374,"{
  ""coordinates"": [
    -7.397905470000001e+01,
    4.064276840000000e+01
  ],
  ""type"": ""Point""
}",11218,clinic,40.6427684,-73.9790547
158,9142526482,"{
  ""coordinates"": [
    -7.400866900000000e+01,
    4.064003760000000e+01
  ],
  ""type"": ""Point""
}",11220,pharmacy,40.6400376,-74.008669
159,7434387208,"{
  ""coordinates"": [
    -7.396287649999999e+01,
    4.059800230000000e+01
  ],
  ""type"": ""Point""
}",11223,pharmacy,40.5980023,-73.9628765
160,6008550513,"{
  ""coordinates"": [
    -7.398043830000000e+01,
    4.066094040000000e+01
  ],
  ""type"": ""Point""
}",11215,doctors,40.6609404,-73.9804383
161,5840576563,"{
  ""coordinates"": [
    -7.403244020000000e+01,
    4.062359870000000e+01
  ],
  ""type"": ""Point""
}",11209,clinic,40.6235987,-74.0324402
162,2549874192,"{
  ""coordinates"": [
    -7.395628770000000e+01,
    4.065281190000000e+01
  ],
  ""type"": ""Point""
}",11226,dentist,40.6528119,-73.9562877
163,7038487787,"{
  ""coordinates"": [
    -7.402940430000000e+01,
    4.062140380000000e+01
  ],
  ""type"": ""Point""
}",11209,doctors,40.6214038,-74.0294043
164,5058099121,"{
  ""coordinates"": [
    -7.395600170000000e+01,
    4.059271310000000e+01
  ],
  ""type"": ""Point""
}",11229,doctors,40.5927131,-73.9560017
165,2561959434,"{
  ""coordinates"": [
    -7.397935699999999e+01,
    4.064109410000000e+01
  ],
  ""type"": ""Point""
}",11218,doctors,40.6410941,-73.979357
166,9122926381,"{
  ""coordinates"": [
    -7.399862070000000e+01,
    4.068107210000000e+01
  ],
  ""type"": ""Point""
}",11231,dentist,40.6810721,-73.9986207
167,6808438331,"{
  ""coordinates"": [
    -7.397574160000001e+01,
    4.068087250000000e+01
  ],
  ""type"": ""Point""
}",11217,dentist,40.6808725,-73.9757416
168,419364438,"{
  ""coordinates"": [
    -7.395071919999999e+01,
    4.066915810000000e+01
  ],
  ""type"": ""Point""
}",11225,social_facility,40.6691581,-73.9507192
169,6376980020,"{
  ""coordinates"": [
    -7.398271269999999e+01,
    4.067901090000000e+01
  ],
  ""type"": ""Point""
}",11217,social_facility,40.6790109,-73.9827127
170,2494057259,"{
  ""coordinates"": [
    -7.398848320000000e+01,
    4.068903090000000e+01
  ],
  ""type"": ""Point""
}",11201,dentist,40.6890309,-73.9884832
171,2494253279,"{
  ""coordinates"": [
    -7.398176080000000e+01,
    4.067970270000000e+01
  ],
  ""type"": ""Point""
}",11217,dentist,40.6797027,-73.9817608
172,9213118184,"{
  ""coordinates"": [
    -7.397058250000001e+01,
    4.068592470000000e+01
  ],
  ""type"": ""Point""
}",11238,social_facility,40.6859247,-73.9705825
173,5504165627,"{
  ""coordinates"": [
    -7.396745710000000e+01,
    4.057880470000000e+01
  ],
  ""type"": ""Point""
}",11235,doctors,40.5788047,-73.9674571
174,2300356464,"{
  ""coordinates"": [
    -7.399231460000000e+01,
    4.069408040000000e+01
  ],
  ""type"": ""Point""
}",11201,pharmacy,40.6940804,-73.9923146
175,9017912440,"{
  ""coordinates"": [
    -7.395681510000000e+01,
    4.068150440000000e+01
  ],
  ""type"": ""Point""
}",11238,social_facility,40.6815044,-73.9568151
176,2555640518,"{
  ""coordinates"": [
    -7.397332950000001e+01,
    4.059033160000000e+01
  ],
  ""type"": ""Point""
}",11223,pharmacy,40.5903316,-73.9733295
177,6175320286,"{
  ""coordinates"": [
    -7.399463910000000e+01,
    4.060277180000000e+01
  ],
  ""type"": ""Point""
}",11214,pharmacy,40.6027718,-73.9946391
178,9432106587,"{
  ""coordinates"": [
    -7.401468000000000e+01,
    4.064488490000000e+01
  ],
  ""type"": ""Point""
}",11220,social_facility,40.6448849,-74.01468
179,2322155487,"{
  ""coordinates"": [
    -7.399386650000000e+01,
    4.069599980000000e+01
  ],
  ""type"": ""Point""
}",11201,pharmacy,40.6959998,-73.9938665
180,5837155213,"{
  ""coordinates"": [
    -7.397069949999999e+01,
    4.067562900000000e+01
  ],
  ""type"": ""Point""
}",11238,dentist,40.675629,-73.9706995
181,5221394563,"{
  ""coordinates"": [
    -7.399779080000000e+01,
    4.060871540000000e+01
  ],
  ""type"": ""Point""
}",11214,dentist,40.6087154,-73.9977908
182,6175434111,"{
  ""coordinates"": [
    -7.396387940000000e+01,
    4.068298540000000e+01
  ],
  ""type"": ""Point""
}",11238,pharmacy,40.6829854,-73.9638794
183,5745476342,"{
  ""coordinates"": [
    -7.397724520000000e+01,
    4.067531740000000e+01
  ],
  ""type"": ""Point""
}",11217,dentist,40.6753174,-73.9772452
184,9121304277,"{
  ""coordinates"": [
    -7.397751900000000e+01,
    4.064839260000000e+01
  ],
  ""type"": ""Point""
}",11218,social_facility,40.6483926,-73.977519
185,6157505285,"{
  ""coordinates"": [
    -7.399452860000000e+01,
    4.060160080000000e+01
  ],
  ""type"": ""Point""
}",11214,hospital,40.6016008,-73.9945286
186,2014439262,"{
  ""coordinates"": [
    -7.400886900000000e+01,
    4.063061500000000e+01
  ],
  ""type"": ""Point""
}",11219,pharmacy,40.630615,-74.008869
187,5279943822,"{
  ""coordinates"": [
    -7.395933320000000e+01,
    4.057746200000000e+01
  ],
  ""type"": ""Point""
}",11235,doctors,40.577462,-73.9593332
188,8981032229,"{
  ""coordinates"": [
    -7.403054050000000e+01,
    4.061621430000000e+01
  ],
  ""type"": ""Point""
}",11209,pharmacy,40.6162143,-74.0305405
189,6953017124,"{
  ""coordinates"": [
    -7.399056539999999e+01,
    4.066432710000000e+01
  ],
  ""type"": ""Point""
}",11215,pharmacy,40.6643271,-73.9905654
190,5419376906,"{
  ""coordinates"": [
    -7.392235640000000e+01,
    4.066915580000000e+01
  ],
  ""type"": ""Point""
}",11233,social_facility,40.6691558,-73.9223564
191,6935869537,"{
  ""coordinates"": [
    -7.395542200000000e+01,
    4.071856260000000e+01
  ],
  ""type"": ""Point""
}",11211,dentist,40.7185626,-73.955422
192,7925421798,"{
  ""coordinates"": [
    -7.396384110000000e+01,
    4.070980130000000e+01
  ],
  ""type"": ""Point""
}",11211,dentist,40.7098013,-73.9638411
193,7575343359,"{
  ""coordinates"": [
    -7.397286170000000e+01,
    4.067394880000000e+01
  ],
  ""type"": ""Point""
}",11217,doctors,40.6739488,-73.9728617
194,4015260292,"{
  ""coordinates"": [
    -7.395209580000000e+01,
    4.058600700000000e+01
  ],
  ""type"": ""Point""
}",11235,hospital,40.586007,-73.9520958
195,5747704995,"{
  ""coordinates"": [
    -7.396336690000000e+01,
    4.067481470000000e+01
  ],
  ""type"": ""Point""
}",11238,doctors,40.6748147,-73.9633669
196,7245645379,"{
  ""coordinates"": [
    -7.401233700000000e+01,
    4.063335380000000e+01
  ],
  ""type"": ""Point""
}",11220,pharmacy,40.6333538,-74.012337
197,2782255488,"{
  ""coordinates"": [
    -7.395949200000000e+01,
    4.070879250000000e+01
  ],
  ""type"": ""Point""
}",11211,pharmacy,40.7087925,-73.959492
198,6798770383,"{
  ""coordinates"": [
    -7.397340970000000e+01,
    4.059007450000000e+01
  ],
  ""type"": ""Point""
}",11223,clinic,40.5900745,-73.9734097
199,6810900886,"{
  ""coordinates"": [
    -7.396107060000000e+01,
    4.060152720000000e+01
  ],
  ""type"": ""Point""
}",11223,clinic,40.6015272,-73.9610706
200,6340765198,"{
  ""coordinates"": [
    -7.399225989999999e+01,
    4.068438950000000e+01
  ],
  ""type"": ""Point""
}",11201,social_facility,40.6843895,-73.9922599
201,2550005921,"{
  ""coordinates"": [
    -7.398606839999999e+01,
    4.069190930000000e+01
  ],
  ""type"": ""Point""
}",11201,dentist,40.6919093,-73.9860684
202,5054914521,"{
  ""coordinates"": [
    -7.395430910000000e+01,
    4.073144880000000e+01
  ],
  ""type"": ""Point""
}",11222,pharmacy,40.7314488,-73.9543091
203,2562001507,"{
  ""coordinates"": [
    -7.397544619999999e+01,
    4.065144270000000e+01
  ],
  ""type"": ""Point""
}",11218,social_facility,40.6514427,-73.9754462
204,6314905337,"{
  ""coordinates"": [
    -7.399944859999999e+01,
    4.067533140000000e+01
  ],
  ""type"": ""Point""
}",11231,dentist,40.6753314,-73.9994486
205,9330316507,"{
  ""coordinates"": [
    -7.398144090000000e+01,
    4.068578340000000e+01
  ],
  ""type"": ""Point""
}",11217,dentist,40.6857834,-73.9814409
206,6680357313,"{
  ""coordinates"": [
    -7.398202320000000e+01,
    4.068601090000000e+01
  ],
  ""type"": ""Point""
}",11217,clinic,40.6860109,-73.9820232
207,9121304274,"{
  ""coordinates"": [
    -7.397770880000000e+01,
    4.064890630000000e+01
  ],
  ""type"": ""Point""
}",11218,dentist,40.6489063,-73.9777088
208,4491316706,"{
  ""coordinates"": [
    -7.393127350000000e+01,
    4.066322360000000e+01
  ],
  ""type"": ""Point""
}",11212,pharmacy,40.6632236,-73.9312735
209,6175354954,"{
  ""coordinates"": [
    -7.396291710000000e+01,
    4.068278060000000e+01
  ],
  ""type"": ""Point""
}",11238,dentist,40.6827806,-73.9629171
210,5849767739,"{
  ""coordinates"": [
    -7.399631429999999e+01,
    4.068264560000000e+01
  ],
  ""type"": ""Point""
}",11231,dentist,40.6826456,-73.9963143
211,8986551504,"{
  ""coordinates"": [
    -7.403373240000001e+01,
    4.061301880000000e+01
  ],
  ""type"": ""Point""
}",11209,pharmacy,40.6130188,-74.0337324
212,5807539964,"{
  ""coordinates"": [
    -7.397940480000000e+01,
    4.068463220000000e+01
  ],
  ""type"": ""Point""
}",11217,pharmacy,40.6846322,-73.9794048
213,6943787238,"{
  ""coordinates"": [
    -7.395885130000001e+01,
    4.066780300000000e+01
  ],
  ""type"": ""Point""
}",11225,doctors,40.667803,-73.9588513
214,5209294302,"{
  ""coordinates"": [
    -7.387821190000000e+01,
    4.068206630000000e+01
  ],
  ""type"": ""Point""
}",11208,pharmacy,40.6820663,-73.8782119
215,8972630425,"{
  ""coordinates"": [
    -7.399554400000000e+01,
    4.069251750000000e+01
  ],
  ""type"": ""Point""
}",11201,doctors,40.6925175,-73.995544
216,5220904116,"{
  ""coordinates"": [
    -7.394160030000000e+01,
    4.067984360000000e+01
  ],
  ""type"": ""Point""
}",11216,pharmacy,40.6798436,-73.9416003
217,5555372798,"{
  ""coordinates"": [
    -7.399340119999999e+01,
    4.068789360000000e+01
  ],
  ""type"": ""Point""
}",11201,dentist,40.6878936,-73.9934012
218,3736089410,"{
  ""coordinates"": [
    -7.391528390000001e+01,
    4.060906840000000e+01
  ],
  ""type"": ""Point""
}",11234,social_facility,40.6090684,-73.9152839
219,6154077664,"{
  ""coordinates"": [
    -7.396414230000001e+01,
    4.067232440000000e+01
  ],
  ""type"": ""Point""
}",11238,doctors,40.6723244,-73.9641423
220,2568092607,"{
  ""coordinates"": [
    -7.396396840000000e+01,
    4.068300380000000e+01
  ],
  ""type"": ""Point""
}",11238,clinic,40.6830038,-73.9639684
221,5747158957,"{
  ""coordinates"": [
    -7.402138350000000e+01,
    4.064155620000000e+01
  ],
  ""type"": ""Point""
}",11220,doctors,40.6415562,-74.0213835
222,5887145485,"{
  ""coordinates"": [
    -7.395014720000000e+01,
    4.067117960000000e+01
  ],
  ""type"": ""Point""
}",11216,doctors,40.6711796,-73.9501472
223,3118018934,"{
  ""coordinates"": [
    -7.388840250000000e+01,
    4.063410750000000e+01
  ],
  ""type"": ""Point""
}",11236,pharmacy,40.6341075,-73.8884025
224,5819362034,"{
  ""coordinates"": [
    -7.397786670000001e+01,
    4.067089070000000e+01
  ],
  ""type"": ""Point""
}",11215,pharmacy,40.6708907,-73.9778667
225,5465481696,"{
  ""coordinates"": [
    -7.391635900000000e+01,
    4.070462500000000e+01
  ],
  ""type"": ""Point""
}",11237,clinic,40.704625,-73.916359
226,7038487809,"{
  ""coordinates"": [
    -7.402803430000000e+01,
    4.062278150000000e+01
  ],
  ""type"": ""Point""
}",11209,pharmacy,40.6227815,-74.0280343
227,5866286552,"{
  ""coordinates"": [
    -7.398218020000000e+01,
    4.066594670000000e+01
  ],
  ""type"": ""Point""
}",11215,dentist,40.6659467,-73.9821802
228,6154077665,"{
  ""coordinates"": [
    -7.396614500000000e+01,
    4.067290240000000e+01
  ],
  ""type"": ""Point""
}",11238,dentist,40.6729024,-73.966145
229,2561880137,"{
  ""coordinates"": [
    -7.400706060000000e+01,
    4.064845910000000e+01
  ],
  ""type"": ""Point""
}",11220,pharmacy,40.6484591,-74.0070606
230,9752989370,"{
  ""coordinates"": [
    -7.399348380000001e+01,
    4.069618050000000e+01
  ],
  ""type"": ""Point""
}",11201,clinic,40.6961805,-73.9934838
231,5774139402,"{
  ""coordinates"": [
    -7.398675710000001e+01,
    4.067332320000000e+01
  ],
  ""type"": ""Point""
}",11215,doctors,40.6733232,-73.9867571
232,5693939266,"{
  ""coordinates"": [
    -7.392464160000000e+01,
    4.066604380000000e+01
  ],
  ""type"": ""Point""
}",11212,pharmacy,40.6660438,-73.9246416
233,4193993228,"{
  ""coordinates"": [
    -7.399456650000000e+01,
    4.068140730000000e+01
  ],
  ""type"": ""Point""
}",11231,pharmacy,40.6814073,-73.9945665
234,8572644586,"{
  ""coordinates"": [
    -7.399178830000000e+01,
    4.067020710000000e+01
  ],
  ""type"": ""Point""
}",11215,social_facility,40.6702071,-73.9917883
235,8793361952,"{
  ""coordinates"": [
    -7.398284400000000e+01,
    4.067906170000000e+01
  ],
  ""type"": ""Point""
}",11217,social_facility,40.6790617,-73.982844
236,9537798310,"{
  ""coordinates"": [
    -7.400778990000001e+01,
    4.064774630000000e+01
  ],
  ""type"": ""Point""
}",11220,pharmacy,40.6477463,-74.0077899
237,2549983048,"{
  ""coordinates"": [
    -7.399067380000000e+01,
    4.068620160000000e+01
  ],
  ""type"": ""Point""
}",11201,doctors,40.6862016,-73.9906738
238,3316229667,"{
  ""coordinates"": [
    -7.396767920000001e+01,
    4.069312130000000e+01
  ],
  ""type"": ""Point""
}",11205,pharmacy,40.6931213,-73.9676792
239,5202658091,"{
  ""coordinates"": [
    -7.397621130000000e+01,
    4.067364330000000e+01
  ],
  ""type"": ""Point""
}",11215,pharmacy,40.6736433,-73.9762113
240,7228492800,"{
  ""coordinates"": [
    -7.402799840000000e+01,
    4.061712550000000e+01
  ],
  ""type"": ""Point""
}",11209,dentist,40.6171255,-74.0279984
241,6808438333,"{
  ""coordinates"": [
    -7.397618860000000e+01,
    4.068104320000000e+01
  ],
  ""type"": ""Point""
}",11217,social_facility,40.6810432,-73.9761886
242,8762272650,"{
  ""coordinates"": [
    -7.399423960000000e+01,
    4.066011050000000e+01
  ],
  ""type"": ""Point""
}",11215,social_facility,40.6601105,-73.9942396
243,5959331489,"{
  ""coordinates"": [
    -7.398529340000000e+01,
    4.066499000000000e+01
  ],
  ""type"": ""Point""
}",11215,doctors,40.66499,-73.9852934
244,5728854058,"{
  ""coordinates"": [
    -7.399465680000000e+01,
    4.063865670000000e+01
  ],
  ""type"": ""Point""
}",11219,pharmacy,40.6386567,-73.9946568
245,5209136312,"{
  ""coordinates"": [
    -7.391770010000000e+01,
    4.062130520000000e+01
  ],
  ""type"": ""Point""
}",11234,pharmacy,40.6213052,-73.9177001
246,5799183580,"{
  ""coordinates"": [
    -7.399071240000001e+01,
    4.069365340000000e+01
  ],
  ""type"": ""Point""
}",11201,pharmacy,40.6936534,-73.9907124
247,5691689926,"{
  ""coordinates"": [
    -7.399400100000000e+01,
    4.061555580000000e+01
  ],
  ""type"": ""Point""
}",11204,social_facility,40.6155558,-73.994001
248,4471336897,"{
  ""coordinates"": [
    -7.394531970000000e+01,
    4.061949500000000e+01
  ],
  ""type"": ""Point""
}",11210,pharmacy,40.619495,-73.9453197
249,2561655205,"{
  ""coordinates"": [
    -7.401660110000000e+01,
    4.064228670000000e+01
  ],
  ""type"": ""Point""
}",11220,social_facility,40.6422867,-74.0166011
250,5721465160,"{
  ""coordinates"": [
    -7.390925830000000e+01,
    4.069149080000000e+01
  ],
  ""type"": ""Point""
}",11207,doctors,40.6914908,-73.9092583
251,5331946635,"{
  ""coordinates"": [
    -7.397578970000001e+01,
    4.067895730000000e+01
  ],
  ""type"": ""Point""
}",11217,dentist,40.6789573,-73.9757897
252,5874058722,"{
  ""coordinates"": [
    -7.398971200000000e+01,
    4.066950390000000e+01
  ],
  ""type"": ""Point""
}",11215,dentist,40.6695039,-73.989712
253,8986551510,"{
  ""coordinates"": [
    -7.403387770000001e+01,
    4.061327540000000e+01
  ],
  ""type"": ""Point""
}",11209,doctors,40.6132754,-74.0338777
254,5827681128,"{
  ""coordinates"": [
    -7.398812340000001e+01,
    4.066983750000000e+01
  ],
  ""type"": ""Point""
}",11215,dentist,40.6698375,-73.9881234
255,9755271281,"{
  ""coordinates"": [
    -7.396448390000000e+01,
    4.058084350000000e+01
  ],
  ""type"": ""Point""
}",11235,dentist,40.5808435,-73.9644839
256,9512208450,"{
  ""coordinates"": [
    -7.395979520000000e+01,
    4.069051790000000e+01
  ],
  ""type"": ""Point""
}",11205,pharmacy,40.6905179,-73.9597952
257,2568678373,"{
  ""coordinates"": [
    -7.398380220000000e+01,
    4.066446870000000e+01
  ],
  ""type"": ""Point""
}",11215,clinic,40.6644687,-73.9838022
258,7253451786,"{
  ""coordinates"": [
    -7.393478340000000e+01,
    4.069715040000000e+01
  ],
  ""type"": ""Point""
}",11206,social_facility,40.6971504,-73.9347834
259,5970481585,"{
  ""coordinates"": [
    -7.399690000000000e+01,
    4.068064050000000e+01
  ],
  ""type"": ""Point""
}",11231,dentist,40.6806405,-73.9969
260,5487146976,"{
  ""coordinates"": [
    -7.398165040000001e+01,
    4.067907920000000e+01
  ],
  ""type"": ""Point""
}",11217,doctors,40.6790792,-73.9816504
261,5521763765,"{
  ""coordinates"": [
    -7.398184130000000e+01,
    4.068784010000000e+01
  ],
  ""type"": ""Point""
}",11201,social_facility,40.6878401,-73.9818413
262,6682052642,"{
  ""coordinates"": [
    -7.396464170000000e+01,
    4.070760920000000e+01
  ],
  ""type"": ""Point""
}",11249,clinic,40.7076092,-73.9646417
263,2552509924,"{
  ""coordinates"": [
    -7.403406840000000e+01,
    4.061204000000000e+01
  ],
  ""type"": ""Point""
}",11209,clinic,40.61204,-74.0340684
264,3154322863,"{
  ""coordinates"": [
    -7.397200309999999e+01,
    4.067688600000000e+01
  ],
  ""type"": ""Point""
}",11238,pharmacy,40.676886,-73.9720031
265,5799183571,"{
  ""coordinates"": [
    -7.399470390000000e+01,
    4.069504660000000e+01
  ],
  ""type"": ""Point""
}",11201,dentist,40.6950466,-73.9947039
266,6522211957,"{
  ""coordinates"": [
    -7.399344110000000e+01,
    4.067165790000000e+01
  ],
  ""type"": ""Point""
}",11215,social_facility,40.6716579,-73.9934411
267,6008596237,"{
  ""coordinates"": [
    -7.403050469999999e+01,
    4.061802110000000e+01
  ],
  ""type"": ""Point""
}",11209,pharmacy,40.6180211,-74.0305047
268,9738449689,"{
  ""coordinates"": [
    -7.398217270000001e+01,
    4.064179820000000e+01
  ],
  ""type"": ""Point""
}",11218,clinic,40.6417982,-73.9821727
269,9738449693,"{
  ""coordinates"": [
    -7.398222079999999e+01,
    4.064177810000000e+01
  ],
  ""type"": ""Point""
}",11218,doctors,40.6417781,-73.9822208
270,8978037644,"{
  ""coordinates"": [
    -7.397812320000000e+01,
    4.067639440000000e+01
  ],
  ""type"": ""Point""
}",11217,social_facility,40.6763944,-73.9781232
271,7575343358,"{
  ""coordinates"": [
    -7.397289309999999e+01,
    4.067396130000000e+01
  ],
  ""type"": ""Point""
}",11217,doctors,40.6739613,-73.9728931
272,4995738115,"{
  ""coordinates"": [
    -7.395900399999999e+01,
    4.060864730000000e+01
  ],
  ""type"": ""Point""
}",11229,pharmacy,40.6086473,-73.959004
273,5872318496,"{
  ""coordinates"": [
    -7.398520490000000e+01,
    4.067020310000000e+01
  ],
  ""type"": ""Point""
}",11215,doctors,40.6702031,-73.9852049
274,6177318443,"{
  ""coordinates"": [
    -7.399167989999999e+01,
    4.068535780000000e+01
  ],
  ""type"": ""Point""
}",11201,pharmacy,40.6853578,-73.9916799
275,2494088664,"{
  ""coordinates"": [
    -7.395024220000001e+01,
    4.067419730000000e+01
  ],
  ""type"": ""Point""
}",11216,pharmacy,40.6741973,-73.9502422
276,5184047124,"{
  ""coordinates"": [
    -7.397378040000000e+01,
    4.067474440000000e+01
  ],
  ""type"": ""Point""
}",11217,doctors,40.6747444,-73.9737804
277,2568243099,"{
  ""coordinates"": [
    -7.396470050000001e+01,
    4.068961860000000e+01
  ],
  ""type"": ""Point""
}",11205,clinic,40.6896186,-73.9647005
278,5747365894,"{
  ""coordinates"": [
    -7.392208810000000e+01,
    4.067582850000000e+01
  ],
  ""type"": ""Point""
}",11233,pharmacy,40.6758285,-73.9220881
279,5837304278,"{
  ""coordinates"": [
    -7.396654110000000e+01,
    4.068297040000000e+01
  ],
  ""type"": ""Point""
}",11238,dentist,40.6829704,-73.9665411
280,2549893260,"{
  ""coordinates"": [
    -7.399698720000001e+01,
    4.069078130000000e+01
  ],
  ""type"": ""Point""
}",11201,doctors,40.6907813,-73.9969872
281,5415281841,"{
  ""coordinates"": [
    -7.394856420000001e+01,
    4.063908740000000e+01
  ],
  ""type"": ""Point""
}",11226,clinic,40.6390874,-73.9485642
282,2568848954,"{
  ""coordinates"": [
    -7.397310580000000e+01,
    4.067754380000000e+01
  ],
  ""type"": ""Point""
}",11217,pharmacy,40.6775438,-73.9731058
283,9214831611,"{
  ""coordinates"": [
    -7.399079990000000e+01,
    4.067291310000000e+01
  ],
  ""type"": ""Point""
}",11215,social_facility,40.6729131,-73.9907999
284,3957456402,"{
  ""coordinates"": [
    -7.394867540000000e+01,
    4.072631170000000e+01
  ],
  ""type"": ""Point""
}",11222,doctors,40.7263117,-73.9486754
285,6242987487,"{
  ""coordinates"": [
    -7.394673779999999e+01,
    4.058633600000000e+01
  ],
  ""type"": ""Point""
}",11235,clinic,40.586336,-73.9467378
286,4846355068,"{
  ""coordinates"": [
    -7.397646469999999e+01,
    4.064418820000000e+01
  ],
  ""type"": ""Point""
}",11218,pharmacy,40.6441882,-73.9764647
287,5504165626,"{
  ""coordinates"": [
    -7.396746140000000e+01,
    4.057879380000000e+01
  ],
  ""type"": ""Point""
}",11235,doctors,40.5787938,-73.9674614
288,5506774613,"{
  ""coordinates"": [
    -7.398580710000000e+01,
    4.067000900000000e+01
  ],
  ""type"": ""Point""
}",11215,dentist,40.670009,-73.9858071
289,9752891578,"{
  ""coordinates"": [
    -7.402351130000000e+01,
    4.063518610000000e+01
  ],
  ""type"": ""Point""
}",11220,pharmacy,40.6351861,-74.0235113
290,7891036481,"{
  ""coordinates"": [
    -7.395887240000000e+01,
    4.060874850000000e+01
  ],
  ""type"": ""Point""
}",11229,dentist,40.6087485,-73.9588724
291,8986551507,"{
  ""coordinates"": [
    -7.403411730000001e+01,
    4.061320880000000e+01
  ],
  ""type"": ""Point""
}",11209,doctors,40.6132088,-74.0341173
292,2572920337,"{
  ""coordinates"": [
    -7.398008270000000e+01,
    4.068800790000000e+01
  ],
  ""type"": ""Point""
}",11217,pharmacy,40.6880079,-73.9800827
293,2322298896,"{
  ""coordinates"": [
    -7.399412470000000e+01,
    4.069487230000000e+01
  ],
  ""type"": ""Point""
}",11201,pharmacy,40.6948723,-73.9941247
294,2550064317,"{
  ""coordinates"": [
    -7.398177430000000e+01,
    4.068794010000000e+01
  ],
  ""type"": ""Point""
}",11201,pharmacy,40.6879401,-73.9817743
295,2550057129,"{
  ""coordinates"": [
    -7.398232990000000e+01,
    4.067806200000000e+01
  ],
  ""type"": ""Point""
}",11217,pharmacy,40.678062,-73.9823299
296,6372786026,"{
  ""coordinates"": [
    -7.399808220000000e+01,
    4.068991270000000e+01
  ],
  ""type"": ""Point""
}",11201,clinic,40.6899127,-73.9980822
297,8495020435,"{
  ""coordinates"": [
    -7.397205839999999e+01,
    4.067442580000000e+01
  ],
  ""type"": ""Point""
}",11217,doctors,40.6744258,-73.9720584
298,7185598660,"{
  ""coordinates"": [
    -7.399480320000001e+01,
    4.069053030000000e+01
  ],
  ""type"": ""Point""
}",11201,doctors,40.6905303,-73.9948032
299,6350185138,"{
  ""coordinates"": [
    -7.399443260000000e+01,
    4.061469980000000e+01
  ],
  ""type"": ""Point""
}",11204,pharmacy,40.6146998,-73.9944326
300,5218863523,"{
  ""coordinates"": [
    -7.399042020000000e+01,
    4.059965530000000e+01
  ],
  ""type"": ""Point""
}",11214,pharmacy,40.5996553,-73.9904202
301,2561707861,"{
  ""coordinates"": [
    -7.401925210000000e+01,
    4.064661830000000e+01
  ],
  ""type"": ""Point""
}",11220,pharmacy,40.6466183,-74.0192521
302,4453147782,"{
  ""coordinates"": [
    -7.394210010000000e+01,
    4.065578910000000e+01
  ],
  ""type"": ""Point""
}",11203,pharmacy,40.6557891,-73.9421001
303,5502598623,"{
  ""coordinates"": [
    -7.392692820000001e+01,
    4.069208150000000e+01
  ],
  ""type"": ""Point""
}",11221,clinic,40.6920815,-73.9269282
304,2550571793,"{
  ""coordinates"": [
    -7.398522550000000e+01,
    4.067023760000000e+01
  ],
  ""type"": ""Point""
}",11215,doctors,40.6702376,-73.9852255
305,9419303531,"{
  ""coordinates"": [
    -7.395658270000000e+01,
    4.066598270000000e+01
  ],
  ""type"": ""Point""
}",11225,clinic,40.6659827,-73.9565827
306,2765091411,"{
  ""coordinates"": [
    -7.398264740000000e+01,
    4.060760690000000e+01
  ],
  ""type"": ""Point""
}",11204,doctors,40.6076069,-73.9826474
307,8267934546,"{
  ""coordinates"": [
    -7.398156460000000e+01,
    4.068582880000000e+01
  ],
  ""type"": ""Point""
}",11217,doctors,40.6858288,-73.9815646
308,9543748331,"{
  ""coordinates"": [
    -7.395749920000000e+01,
    4.066324710000000e+01
  ],
  ""type"": ""Point""
}",11225,pharmacy,40.6632471,-73.9574992
309,6196933305,"{
  ""coordinates"": [
    -7.397675210000000e+01,
    4.066943660000000e+01
  ],
  ""type"": ""Point""
}",11215,dentist,40.6694366,-73.9767521
310,7124769202,"{
  ""coordinates"": [
    -7.397113580000000e+01,
    4.069333040000000e+01
  ],
  ""type"": ""Point""
}",11205,pharmacy,40.6933304,-73.9711358
311,5980081424,"{
  ""coordinates"": [
    -7.397383630000000e+01,
    4.068620900000000e+01
  ],
  ""type"": ""Point""
}",11217,doctors,40.686209,-73.9738363
312,9501513255,"{
  ""coordinates"": [
    -7.401092790000000e+01,
    4.064471560000000e+01
  ],
  ""type"": ""Point""
}",11220,clinic,40.6447156,-74.0109279
313,5827681130,"{
  ""coordinates"": [
    -7.398822000000000e+01,
    4.066988630000000e+01
  ],
  ""type"": ""Point""
}",11215,doctors,40.6698863,-73.98822
314,7173363350,"{
  ""coordinates"": [
    -7.395796780000001e+01,
    4.070319370000000e+01
  ],
  ""type"": ""Point""
}",11211,doctors,40.7031937,-73.9579678
315,2842610382,"{
  ""coordinates"": [
    -7.395094770000000e+01,
    4.072558390000000e+01
  ],
  ""type"": ""Point""
}",11222,doctors,40.7255839,-73.9509477
316,2494064523,"{
  ""coordinates"": [
    -7.396123460000000e+01,
    4.065017720000000e+01
  ],
  ""type"": ""Point""
}",11226,pharmacy,40.6501772,-73.9612346
317,9740146609,"{
  ""coordinates"": [
    -7.397900880000000e+01,
    4.064179190000000e+01
  ],
  ""type"": ""Point""
}",11218,social_facility,40.6417919,-73.9790088
318,8105845200,"{
  ""coordinates"": [
    -7.395824890000000e+01,
    4.071828900000000e+01
  ],
  ""type"": ""Point""
}",11249,hospital,40.718289,-73.9582489
319,2562069569,"{
  ""coordinates"": [
    -7.398007000000000e+01,
    4.066053690000000e+01
  ],
  ""type"": ""Point""
}",11215,doctors,40.6605369,-73.98007
320,5794664400,"{
  ""coordinates"": [
    -7.399590670000001e+01,
    4.068274290000000e+01
  ],
  ""type"": ""Point""
}",11231,doctors,40.6827429,-73.9959067
321,2552510150,"{
  ""coordinates"": [
    -7.403375770000000e+01,
    4.061236540000000e+01
  ],
  ""type"": ""Point""
}",11209,doctors,40.6123654,-74.0337577
322,5756599789,"{
  ""coordinates"": [
    -7.398184569999999e+01,
    4.068593620000000e+01
  ],
  ""type"": ""Point""
}",11217,doctors,40.6859362,-73.9818457
323,9588431433,"{
  ""coordinates"": [
    -7.394503730000000e+01,
    4.069572670000000e+01
  ],
  ""type"": ""Point""
}",11206,pharmacy,40.6957267,-73.9450373
324,5979506780,"{
  ""coordinates"": [
    -7.397066590000000e+01,
    4.068453830000000e+01
  ],
  ""type"": ""Point""
}",11238,dentist,40.6845383,-73.9706659
325,2837938522,"{
  ""coordinates"": [
    -7.395692579999999e+01,
    4.069963090000000e+01
  ],
  ""type"": ""Point""
}",11206,pharmacy,40.6996309,-73.9569258
326,6910452528,"{
  ""coordinates"": [
    -7.399694450000000e+01,
    4.061222310000000e+01
  ],
  ""type"": ""Point""
}",11214,dentist,40.6122231,-73.9969445
327,9738449685,"{
  ""coordinates"": [
    -7.398232600000000e+01,
    4.064173880000000e+01
  ],
  ""type"": ""Point""
}",11218,doctors,40.6417388,-73.982326
328,2552542744,"{
  ""coordinates"": [
    -7.403187459999999e+01,
    4.061534150000000e+01
  ],
  ""type"": ""Point""
}",11209,dentist,40.6153415,-74.0318746
329,7161218432,"{
  ""coordinates"": [
    -7.396414330000000e+01,
    4.067881530000000e+01
  ],
  ""type"": ""Point""
}",11238,social_facility,40.6788153,-73.9641433
330,2494018328,"{
  ""coordinates"": [
    -7.396208450000000e+01,
    4.065461140000000e+01
  ],
  ""type"": ""Point""
}",11226,doctors,40.6546114,-73.9620845
331,5808889071,"{
  ""coordinates"": [
    -7.398589140000000e+01,
    4.068716230000000e+01
  ],
  ""type"": ""Point""
}",11217,dentist,40.6871623,-73.9858914
332,6682052632,"{
  ""coordinates"": [
    -7.395835940000001e+01,
    4.070144040000000e+01
  ],
  ""type"": ""Point""
}",11249,doctors,40.7014404,-73.9583594
333,6426529066,"{
  ""coordinates"": [
    -7.396275460000000e+01,
    4.067411070000000e+01
  ],
  ""type"": ""Point""
}",11238,pharmacy,40.6741107,-73.9627546
334,6595255518,"{
  ""coordinates"": [
    -7.396174390000000e+01,
    4.065528270000000e+01
  ],
  ""type"": ""Point""
}",11225,dentist,40.6552827,-73.9617439
335,7173294496,"{
  ""coordinates"": [
    -7.396482340000000e+01,
    4.069336670000000e+01
  ],
  ""type"": ""Point""
}",11205,clinic,40.6933667,-73.9648234
336,3118018937,"{
  ""coordinates"": [
    -7.389253260000000e+01,
    4.063724210000000e+01
  ],
  ""type"": ""Point""
}",11236,pharmacy,40.6372421,-73.8925326
337,4776941242,"{
  ""coordinates"": [
    -7.400923870000000e+01,
    4.064515760000000e+01
  ],
  ""type"": ""Point""
}",11220,clinic,40.6451576,-74.0092387
338,5312895223,"{
  ""coordinates"": [
    -7.397353510000001e+01,
    4.064318960000000e+01
  ],
  ""type"": ""Point""
}",11218,dentist,40.6431896,-73.9735351
339,6221654202,"{
  ""coordinates"": [
    -7.398547390000000e+01,
    4.067060640000000e+01
  ],
  ""type"": ""Point""
}",11215,social_facility,40.6706064,-73.9854739
340,4194008549,"{
  ""coordinates"": [
    -7.399585020000001e+01,
    4.068287210000000e+01
  ],
  ""type"": ""Point""
}",11231,clinic,40.6828721,-73.9958502
341,2568049600,"{
  ""coordinates"": [
    -7.394151420000000e+01,
    4.067486160000000e+01
  ],
  ""type"": ""Point""
}",11213,clinic,40.6748616,-73.9415142
342,5873889470,"{
  ""coordinates"": [
    -7.398128780000000e+01,
    4.066350620000000e+01
  ],
  ""type"": ""Point""
}",11215,doctors,40.6635062,-73.9812878
343,8495020436,"{
  ""coordinates"": [
    -7.397201980000000e+01,
    4.067440850000000e+01
  ],
  ""type"": ""Point""
}",11217,doctors,40.6744085,-73.9720198
344,2568867292,"{
  ""coordinates"": [
    -7.395544420000000e+01,
    4.067053470000000e+01
  ],
  ""type"": ""Point""
}",11216,pharmacy,40.6705347,-73.9554442
345,2552663381,"{
  ""coordinates"": [
    -7.398850349999999e+01,
    4.057455880000000e+01
  ],
  ""type"": ""Point""
}",11224,clinic,40.5745588,-73.9885035
346,5799992952,"{
  ""coordinates"": [
    -7.399109530000000e+01,
    4.069296990000000e+01
  ],
  ""type"": ""Point""
}",11201,dentist,40.6929699,-73.9910953
347,8493074859,"{
  ""coordinates"": [
    -7.399251440000000e+01,
    4.068900360000000e+01
  ],
  ""type"": ""Point""
}",11201,clinic,40.6890036,-73.9925144
348,4846355064,"{
  ""coordinates"": [
    -7.397619039999999e+01,
    4.064430320000000e+01
  ],
  ""type"": ""Point""
}",11218,dentist,40.6443032,-73.9761904
349,6374724265,"{
  ""coordinates"": [
    -7.399309140000000e+01,
    4.068859290000000e+01
  ],
  ""type"": ""Point""
}",11201,dentist,40.6885929,-73.9930914
350,7227454900,"{
  ""coordinates"": [
    -7.403229250000000e+01,
    4.061410170000000e+01
  ],
  ""type"": ""Point""
}",11209,doctors,40.6141017,-74.0322925
351,6798965624,"{
  ""coordinates"": [
    -7.396102040000000e+01,
    4.060147900000000e+01
  ],
  ""type"": ""Point""
}",11223,clinic,40.601479,-73.9610204
352,6154077666,"{
  ""coordinates"": [
    -7.396407760000000e+01,
    4.067230390000000e+01
  ],
  ""type"": ""Point""
}",11238,doctors,40.6723039,-73.9640776
353,5804793325,"{
  ""coordinates"": [
    -7.398426040000000e+01,
    4.066797780000000e+01
  ],
  ""type"": ""Point""
}",11215,doctors,40.6679778,-73.9842604
354,5058091122,"{
  ""coordinates"": [
    -7.399814230000000e+01,
    4.060509630000000e+01
  ],
  ""type"": ""Point""
}",11214,pharmacy,40.6050963,-73.9981423
355,5747324158,"{
  ""coordinates"": [
    -7.393497110000000e+01,
    4.069906170000000e+01
  ],
  ""type"": ""Point""
}",11206,doctors,40.6990617,-73.9349711
356,9432075596,"{
  ""coordinates"": [
    -7.401524410000000e+01,
    4.064422050000000e+01
  ],
  ""type"": ""Point""
}",11220,dentist,40.6442205,-74.0152441
357,2568554170,"{
  ""coordinates"": [
    -7.399159160000001e+01,
    4.070316620000000e+01
  ],
  ""type"": ""Point""
}",11201,pharmacy,40.7031662,-73.9915916
358,5215082709,"{
  ""coordinates"": [
    -7.394859750000001e+01,
    4.064340370000000e+01
  ],
  ""type"": ""Point""
}",11226,pharmacy,40.6434037,-73.9485975
359,9132534655,"{
  ""coordinates"": [
    -7.394575900000000e+01,
    4.058394820000000e+01
  ],
  ""type"": ""Point""
}",11235,social_facility,40.5839482,-73.945759
360,6066744614,"{
  ""coordinates"": [
    -7.397604180000000e+01,
    4.067296590000000e+01
  ],
  ""type"": ""Point""
}",11215,dentist,40.6729659,-73.9760418
361,3118018940,"{
  ""coordinates"": [
    -7.390307110000001e+01,
    4.064561530000000e+01
  ],
  ""type"": ""Point""
}",11236,pharmacy,40.6456153,-73.9030711
362,6456477550,"{
  ""coordinates"": [
    -7.398607470000000e+01,
    4.068950040000000e+01
  ],
  ""type"": ""Point""
}",11201,dentist,40.6895004,-73.9860747
363,5714258475,"{
  ""coordinates"": [
    -7.397510389999999e+01,
    4.067446120000000e+01
  ],
  ""type"": ""Point""
}",11215,dentist,40.6744612,-73.9751039
364,8105845211,"{
  ""coordinates"": [
    -7.395827550000000e+01,
    4.071804750000000e+01
  ],
  ""type"": ""Point""
}",11249,hospital,40.7180475,-73.9582755
365,615079021,"{
  ""coordinates"": [
    -7.399018210000000e+01,
    4.067201690000000e+01
  ],
  ""type"": ""Point""
}",11215,dentist,40.6720169,-73.9901821
366,5594908287,"{
  ""coordinates"": [
    -7.394579109999999e+01,
    4.071159570000000e+01
  ],
  ""type"": ""Point""
}",11211,pharmacy,40.7115957,-73.9457911
367,5220904073,"{
  ""coordinates"": [
    -7.393897960000000e+01,
    4.067967680000000e+01
  ],
  ""type"": ""Point""
}",11216,pharmacy,40.6796768,-73.9389796
368,5917405781,"{
  ""coordinates"": [
    -7.399299400000000e+01,
    4.068884570000000e+01
  ],
  ""type"": ""Point""
}",11201,pharmacy,40.6888457,-73.992994
369,2015849773,"{
  ""coordinates"": [
    -7.399341920000001e+01,
    4.068717910000000e+01
  ],
  ""type"": ""Point""
}",11201,clinic,40.6871791,-73.9934192
370,2307147603,"{
  ""coordinates"": [
    -7.399253600000000e+01,
    4.069005470000000e+01
  ],
  ""type"": ""Point""
}",11201,pharmacy,40.6900547,-73.992536
371,6443409303,"{
  ""coordinates"": [
    -7.398167880000000e+01,
    4.068552700000000e+01
  ],
  ""type"": ""Point""
}",11217,social_facility,40.685527,-73.9816788
372,5673620481,"{
  ""coordinates"": [
    -7.397843060000000e+01,
    4.067024360000000e+01
  ],
  ""type"": ""Point""
}",11215,dentist,40.6702436,-73.9784306
373,2555640562,"{
  ""coordinates"": [
    -7.397133310000000e+01,
    4.059054820000000e+01
  ],
  ""type"": ""Point""
}",11223,pharmacy,40.5905482,-73.9713331
374,4491361793,"{
  ""coordinates"": [
    -7.392032100000000e+01,
    4.066071830000000e+01
  ],
  ""type"": ""Point""
}",11212,pharmacy,40.6607183,-73.920321
375,8495145560,"{
  ""coordinates"": [
    -7.396037210000000e+01,
    4.068226690000000e+01
  ],
  ""type"": ""Point""
}",11238,dentist,40.6822669,-73.9603721
376,5907402285,"{
  ""coordinates"": [
    -7.395105500000000e+01,
    4.059554920000000e+01
  ],
  ""type"": ""Point""
}",11229,hospital,40.5955492,-73.951055
377,2552510119,"{
  ""coordinates"": [
    -7.403379590000000e+01,
    4.061238410000000e+01
  ],
  ""type"": ""Point""
}",11209,doctors,40.6123841,-74.0337959
378,2565140921,"{
  ""coordinates"": [
    -7.395419699999999e+01,
    4.068095720000000e+01
  ],
  ""type"": ""Point""
}",11216,pharmacy,40.6809572,-73.954197
379,6343579444,"{
  ""coordinates"": [
    -7.398238900000000e+01,
    4.068615130000000e+01
  ],
  ""type"": ""Point""
}",11217,clinic,40.6861513,-73.982389
380,2568119945,"{
  ""coordinates"": [
    -7.395785490000000e+01,
    4.068780590000000e+01
  ],
  ""type"": ""Point""
}",11238,dentist,40.6878059,-73.9578549
381,6534289836,"{
  ""coordinates"": [
    -7.399351380000000e+01,
    4.068983600000000e+01
  ],
  ""type"": ""Point""
}",11201,pharmacy,40.689836,-73.9935138
382,9193984162,"{
  ""coordinates"": [
    -7.398710910000000e+01,
    4.069251680000000e+01
  ],
  ""type"": ""Point""
}",11201,clinic,40.6925168,-73.9871091
383,2550149657,"{
  ""coordinates"": [
    -7.395479589999999e+01,
    4.068081080000000e+01
  ],
  ""type"": ""Point""
}",11216,dentist,40.6808108,-73.9547959
384,3665021096,"{
  ""coordinates"": [
    -7.397768420000000e+01,
    4.065665430000000e+01
  ],
  ""type"": ""Point""
}",11215,pharmacy,40.6566543,-73.9776842
385,5819051480,"{
  ""coordinates"": [
    -7.398051150000001e+01,
    4.066787310000000e+01
  ],
  ""type"": ""Point""
}",11215,pharmacy,40.6678731,-73.9805115
386,3026945573,"{
  ""coordinates"": [
    -7.395010859999999e+01,
    4.070683880000000e+01
  ],
  ""type"": ""Point""
}",11206,pharmacy,40.7068388,-73.9501086
387,5874357353,"{
  ""coordinates"": [
    -7.397856580000000e+01,
    4.066702490000000e+01
  ],
  ""type"": ""Point""
}",11215,doctors,40.6670249,-73.9785658
388,5048557780,"{
  ""coordinates"": [
    -7.397503370000000e+01,
    4.064487300000000e+01
  ],
  ""type"": ""Point""
}",11218,pharmacy,40.644873,-73.9750337
389,8986551505,"{
  ""coordinates"": [
    -7.403374940000000e+01,
    4.061321200000000e+01
  ],
  ""type"": ""Point""
}",11209,doctors,40.613212,-74.0337494
390,6343931797,"{
  ""coordinates"": [
    -7.398208510000001e+01,
    4.068610840000000e+01
  ],
  ""type"": ""Point""
}",11217,pharmacy,40.6861084,-73.9820851
391,5804793326,"{
  ""coordinates"": [
    -7.398456849999999e+01,
    4.066813750000000e+01
  ],
  ""type"": ""Point""
}",11215,doctors,40.6681375,-73.9845685
392,3118144392,"{
  ""coordinates"": [
    -7.390993360000000e+01,
    4.066582420000000e+01
  ],
  ""type"": ""Point""
}",11212,pharmacy,40.6658242,-73.9099336
393,6913607881,"{
  ""coordinates"": [
    -7.400411900000000e+01,
    4.060835940000000e+01
  ],
  ""type"": ""Point""
}",11214,clinic,40.6083594,-74.004119
394,5847126583,"{
  ""coordinates"": [
    -7.399033559999999e+01,
    4.066705520000000e+01
  ],
  ""type"": ""Point""
}",11215,social_facility,40.6670552,-73.9903356
395,5203205583,"{
  ""coordinates"": [
    -7.397931020000000e+01,
    4.066901660000000e+01
  ],
  ""type"": ""Point""
}",11215,pharmacy,40.6690166,-73.9793102
396,5163882679,"{
  ""coordinates"": [
    -7.392620800000000e+01,
    4.069171060000000e+01
  ],
  ""type"": ""Point""
}",11221,pharmacy,40.6917106,-73.926208
397,6154077662,"{
  ""coordinates"": [
    -7.396325160000001e+01,
    4.067209860000000e+01
  ],
  ""type"": ""Point""
}",11238,doctors,40.6720986,-73.9632516
398,5859290785,"{
  ""coordinates"": [
    -7.395340930000000e+01,
    4.061120540000000e+01
  ],
  ""type"": ""Point""
}",11229,dentist,40.6112054,-73.9534093
399,5847126685,"{
  ""coordinates"": [
    -7.399045660000000e+01,
    4.066711290000000e+01
  ],
  ""type"": ""Point""
}",11215,social_facility,40.6671129,-73.9904566
400,5908861451,"{
  ""coordinates"": [
    -7.398395090000000e+01,
    4.066429620000000e+01
  ],
  ""type"": ""Point""
}",11215,dentist,40.6642962,-73.9839509
401,7575343361,"{
  ""coordinates"": [
    -7.397248840000000e+01,
    4.067385740000000e+01
  ],
  ""type"": ""Point""
}",11217,dentist,40.6738574,-73.9724884
402,5747114086,"{
  ""coordinates"": [
    -7.397992730000000e+01,
    4.063660630000000e+01
  ],
  ""type"": ""Point""
}",11218,pharmacy,40.6366063,-73.9799273
403,9197836054,"{
  ""coordinates"": [
    -7.396695050000000e+01,
    4.064021920000000e+01
  ],
  ""type"": ""Point""
}",11218,dentist,40.6402192,-73.9669505
404,5567398982,"{
  ""coordinates"": [
    -7.390824210000000e+01,
    4.069778130000000e+01
  ],
  ""type"": ""Point""
}",11237,pharmacy,40.6977813,-73.9082421
405,6157273195,"{
  ""coordinates"": [
    -7.398461020000001e+01,
    4.068067710000000e+01
  ],
  ""type"": ""Point""
}",11217,social_facility,40.6806771,-73.9846102
406,6374643455,"{
  ""coordinates"": [
    -7.398429120000000e+01,
    4.068654290000000e+01
  ],
  ""type"": ""Point""
}",11217,social_facility,40.6865429,-73.9842912
407,6298097840,"{
  ""coordinates"": [
    -7.399526140000000e+01,
    4.068321250000000e+01
  ],
  ""type"": ""Point""
}",11231,dentist,40.6832125,-73.9952614
408,7072275845,"{
  ""coordinates"": [
    -7.402425190000000e+01,
    4.061550180000000e+01
  ],
  ""type"": ""Point""
}",11228,doctors,40.6155018,-74.0242519
409,5802534236,"{
  ""coordinates"": [
    -7.398577450000001e+01,
    4.066957970000000e+01
  ],
  ""type"": ""Point""
}",11215,doctors,40.6695797,-73.9857745
410,6334491279,"{
  ""coordinates"": [
    -7.399136930000000e+01,
    4.066311430000000e+01
  ],
  ""type"": ""Point""
}",11215,dentist,40.6631143,-73.9913693
411,2275480400,"{
  ""coordinates"": [
    -7.395406020000000e+01,
    4.072937460000000e+01
  ],
  ""type"": ""Point""
}",11222,pharmacy,40.7293746,-73.9540602
412,8199419990,"{
  ""coordinates"": [
    -7.398520390000000e+01,
    4.067110060000000e+01
  ],
  ""type"": ""Point""
}",11215,social_facility,40.6711006,-73.9852039
413,9731116095,"{
  ""coordinates"": [
    -7.398266080000000e+01,
    4.066760220000000e+01
  ],
  ""type"": ""Point""
}",11215,dentist,40.6676022,-73.9826608
414,2550101358,"{
  ""coordinates"": [
    -7.399290160000000e+01,
    4.066944400000000e+01
  ],
  ""type"": ""Point""
}",11215,dentist,40.669444,-73.9929016
415,4660168289,"{
  ""coordinates"": [
    -7.398918999999999e+01,
    4.060663150000000e+01
  ],
  ""type"": ""Point""
}",11214,clinic,40.6066315,-73.98919
416,8223138604,"{
  ""coordinates"": [
    -7.399159140000000e+01,
    4.067692590000000e+01
  ],
  ""type"": ""Point""
}",11231,social_facility,40.6769259,-73.9915914
417,2568849015,"{
  ""coordinates"": [
    -7.397350510000000e+01,
    4.067827630000000e+01
  ],
  ""type"": ""Point""
}",11217,clinic,40.6782763,-73.9735051
418,2547745089,"{
  ""coordinates"": [
    -7.399813290000000e+01,
    4.066004580000000e+01
  ],
  ""type"": ""Point""
}",11232,dentist,40.6600458,-73.9981329
419,4890567521,"{
  ""coordinates"": [
    -7.395361699999999e+01,
    4.060934570000000e+01
  ],
  ""type"": ""Point""
}",11229,dentist,40.6093457,-73.953617
420,2567052658,"{
  ""coordinates"": [
    -7.395348590000000e+01,
    4.066892080000000e+01
  ],
  ""type"": ""Point""
}",11225,social_facility,40.6689208,-73.9534859
421,6340372272,"{
  ""coordinates"": [
    -7.399204690000001e+01,
    4.068461430000000e+01
  ],
  ""type"": ""Point""
}",11201,dentist,40.6846143,-73.9920469
422,6839024570,"{
  ""coordinates"": [
    -7.399489450000000e+01,
    4.069022180000000e+01
  ],
  ""type"": ""Point""
}",11201,dentist,40.6902218,-73.9948945
423,6448401431,"{
  ""coordinates"": [
    -7.399411960000000e+01,
    4.068640190000000e+01
  ],
  ""type"": ""Point""
}",11201,dentist,40.6864019,-73.9941196
424,6175551623,"{
  ""coordinates"": [
    -7.396662190000001e+01,
    4.068355100000000e+01
  ],
  ""type"": ""Point""
}",11238,pharmacy,40.683551,-73.9666219
425,5635887721,"{
  ""coordinates"": [
    -7.391755420000000e+01,
    4.070344430000000e+01
  ],
  ""type"": ""Point""
}",11237,pharmacy,40.7034443,-73.9175542
426,2568310630,"{
  ""coordinates"": [
    -7.397617409999999e+01,
    4.069349500000000e+01
  ],
  ""type"": ""Point""
}",11205,clinic,40.693495,-73.9761741
427,8613851356,"{
  ""coordinates"": [
    -7.398236380000000e+01,
    4.068961150000000e+01
  ],
  ""type"": ""Point""
}",11201,pharmacy,40.6896115,-73.9823638
428,2838515928,"{
  ""coordinates"": [
    -7.395012480000000e+01,
    4.070611780000000e+01
  ],
  ""type"": ""Point""
}",11206,pharmacy,40.7061178,-73.9501248
429,6798945440,"{
  ""coordinates"": [
    -7.396108670000000e+01,
    4.060150210000000e+01
  ],
  ""type"": ""Point""
}",11223,clinic,40.6015021,-73.9610867
430,9643623866,"{
  ""coordinates"": [
    -7.396136559999999e+01,
    4.069384260000000e+01
  ],
  ""type"": ""Point""
}",11205,dentist,40.6938426,-73.9613656
431,4772979121,"{
  ""coordinates"": [
    -7.398085010000000e+01,
    4.068832780000000e+01
  ],
  ""type"": ""Point""
}",11217,pharmacy,40.6883278,-73.9808501
432,2562069564,"{
  ""coordinates"": [
    -7.398003210000000e+01,
    4.066058190000000e+01
  ],
  ""type"": ""Point""
}",11215,pharmacy,40.6605819,-73.9800321
433,5502595383,"{
  ""coordinates"": [
    -7.393557430000000e+01,
    4.069731530000000e+01
  ],
  ""type"": ""Point""
}",11206,clinic,40.6973153,-73.9355743
434,7178369449,"{
  ""coordinates"": [
    -7.398406210000000e+01,
    4.067470940000000e+01
  ],
  ""type"": ""Point""
}",11215,doctors,40.6747094,-73.9840621
435,4149654207,"{
  ""coordinates"": [
    -7.395626460000000e+01,
    4.067582570000000e+01
  ],
  ""type"": ""Point""
}",11238,pharmacy,40.6758257,-73.9562646
436,9218908080,"{
  ""coordinates"": [
    -7.402392999999999e+01,
    4.063416810000000e+01
  ],
  ""type"": ""Point""
}",11209,pharmacy,40.6341681,-74.02393
437,9750049378,"{
  ""coordinates"": [
    -7.397912200000000e+01,
    4.064275770000000e+01
  ],
  ""type"": ""Point""
}",11218,dentist,40.6427577,-73.979122
438,3315132874,"{
  ""coordinates"": [
    -7.396364040000000e+01,
    4.057733840000000e+01
  ],
  ""type"": ""Point""
}",11235,pharmacy,40.5773384,-73.9636404
439,8999165417,"{
  ""coordinates"": [
    -7.400053210000000e+01,
    4.060918500000000e+01
  ],
  ""type"": ""Point""
}",11214,doctors,40.609185,-74.0005321
440,9163473301,"{
  ""coordinates"": [
    -7.400031220000000e+01,
    4.060934180000000e+01
  ],
  ""type"": ""Point""
}",11214,pharmacy,40.6093418,-74.0003122
441,4961721023,"{
  ""coordinates"": [
    -7.396005180000000e+01,
    4.060708250000000e+01
  ],
  ""type"": ""Point""
}",11229,dentist,40.6070825,-73.9600518
442,8977962017,"{
  ""coordinates"": [
    -7.399343110000000e+01,
    4.069684390000000e+01
  ],
  ""type"": ""Point""
}",11201,social_facility,40.6968439,-73.9934311
443,1993138126,"{
  ""coordinates"": [
    -7.396314380000000e+01,
    4.071919350000000e+01
  ],
  ""type"": ""Point""
}",11249,pharmacy,40.7191935,-73.9631438
444,9224567150,"{
  ""coordinates"": [
    -7.394172399999999e+01,
    4.070395300000000e+01
  ],
  ""type"": ""Point""
}",11206,clinic,40.703953,-73.941724
445,8495020438,"{
  ""coordinates"": [
    -7.397206150000000e+01,
    4.067448450000000e+01
  ],
  ""type"": ""Point""
}",11217,dentist,40.6744845,-73.9720615
446,4846355067,"{
  ""coordinates"": [
    -7.397632790000000e+01,
    4.064425130000000e+01
  ],
  ""type"": ""Point""
}",11218,doctors,40.6442513,-73.9763279
447,6595255524,"{
  ""coordinates"": [
    -7.396159930000000e+01,
    4.065436470000000e+01
  ],
  ""type"": ""Point""
}",11226,dentist,40.6543647,-73.9615993
448,6814303409,"{
  ""coordinates"": [
    -7.399051690000000e+01,
    4.066855380000000e+01
  ],
  ""type"": ""Point""
}",11215,pharmacy,40.6685538,-73.9905169
449,6874194973,"{
  ""coordinates"": [
    -7.399495990000000e+01,
    4.066010450000000e+01
  ],
  ""type"": ""Point""
}",11232,social_facility,40.6601045,-73.9949599
450,6426446459,"{
  ""coordinates"": [
    -7.397274590000001e+01,
    4.067326290000000e+01
  ],
  ""type"": ""Point""
}",11215,dentist,40.6732629,-73.9727459
451,6703262727,"{
  ""coordinates"": [
    -7.390518590000001e+01,
    4.066451970000000e+01
  ],
  ""type"": ""Point""
}",11212,social_facility,40.6645197,-73.9051859
452,6341905427,"{
  ""coordinates"": [
    -7.399063049999999e+01,
    4.068626550000000e+01
  ],
  ""type"": ""Point""
}",11201,pharmacy,40.6862655,-73.9906305
453,9530914620,"{
  ""coordinates"": [
    -7.395068700000000e+01,
    4.068031650000000e+01
  ],
  ""type"": ""Point""
}",11216,clinic,40.6803165,-73.950687
454,9725125213,"{
  ""coordinates"": [
    -7.403099150000000e+01,
    4.062408950000000e+01
  ],
  ""type"": ""Point""
}",11209,pharmacy,40.6240895,-74.0309915
455,5984151032,"{
  ""coordinates"": [
    -7.399047720000000e+01,
    4.066441630000000e+01
  ],
  ""type"": ""Point""
}",11215,dentist,40.6644163,-73.9904772
456,9273247643,"{
  ""coordinates"": [
    -7.396444860000000e+01,
    4.068587330000000e+01
  ],
  ""type"": ""Point""
}",11238,dentist,40.6858733,-73.9644486
457,2561615116,"{
  ""coordinates"": [
    -7.400800670000000e+01,
    4.063718710000000e+01
  ],
  ""type"": ""Point""
}",11220,pharmacy,40.6371871,-74.0080067
458,5326264495,"{
  ""coordinates"": [
    -7.398051930000000e+01,
    4.067606340000000e+01
  ],
  ""type"": ""Point""
}",11215,dentist,40.6760634,-73.9805193
459,5221388827,"{
  ""coordinates"": [
    -7.399721150000001e+01,
    4.060926920000000e+01
  ],
  ""type"": ""Point""
}",11214,dentist,40.6092692,-73.9972115
460,4574662257,"{
  ""coordinates"": [
    -7.402607039999999e+01,
    4.062936390000000e+01
  ],
  ""type"": ""Point""
}",11209,dentist,40.6293639,-74.0260704
461,6350185141,"{
  ""coordinates"": [
    -7.399485190000000e+01,
    4.061472770000000e+01
  ],
  ""type"": ""Point""
}",11204,clinic,40.6147277,-73.9948519
462,4574635033,"{
  ""coordinates"": [
    -7.402605579999999e+01,
    4.062923120000000e+01
  ],
  ""type"": ""Point""
}",11209,dentist,40.6292312,-74.0260558
463,5932291060,"{
  ""coordinates"": [
    -7.399082610000001e+01,
    4.067292580000000e+01
  ],
  ""type"": ""Point""
}",11215,social_facility,40.6729258,-73.9908261
464,2561887629,"{
  ""coordinates"": [
    -7.400785230000000e+01,
    4.065130320000000e+01
  ],
  ""type"": ""Point""
}",11232,social_facility,40.6513032,-74.0078523
465,9738530015,"{
  ""coordinates"": [
    -7.398015250000000e+01,
    4.064233550000000e+01
  ],
  ""type"": ""Point""
}",11218,pharmacy,40.6423355,-73.9801525
466,9709454403,"{
  ""coordinates"": [
    -7.402598620000001e+01,
    4.062915090000000e+01
  ],
  ""type"": ""Point""
}",11209,dentist,40.6291509,-74.0259862
467,2322380809,"{
  ""coordinates"": [
    -7.399273440000000e+01,
    4.069727320000000e+01
  ],
  ""type"": ""Point""
}",11201,pharmacy,40.6972732,-73.9927344
468,5852491179,"{
  ""coordinates"": [
    -7.399686680000001e+01,
    4.068001270000000e+01
  ],
  ""type"": ""Point""
}",11231,dentist,40.6800127,-73.9968668
469,6839024574,"{
  ""coordinates"": [
    -7.399576190000001e+01,
    4.069045450000000e+01
  ],
  ""type"": ""Point""
}",11201,dentist,40.6904545,-73.9957619
470,5804793328,"{
  ""coordinates"": [
    -7.398463060000000e+01,
    4.066816700000000e+01
  ],
  ""type"": ""Point""
}",11215,doctors,40.668167,-73.9846306
471,5832647114,"{
  ""coordinates"": [
    -7.398117610000000e+01,
    4.066690160000000e+01
  ],
  ""type"": ""Point""
}",11215,dentist,40.6669016,-73.9811761
472,6422079171,"{
  ""coordinates"": [
    -7.398297959999999e+01,
    4.068600050000000e+01
  ],
  ""type"": ""Point""
}",11217,social_facility,40.6860005,-73.9829796
473,2567931071,"{
  ""coordinates"": [
    -7.395009100000000e+01,
    4.067263910000000e+01
  ],
  ""type"": ""Point""
}",11216,pharmacy,40.6726391,-73.950091
474,6925470662,"{
  ""coordinates"": [
    -7.400730740000000e+01,
    4.064132200000000e+01
  ],
  ""type"": ""Point""
}",11220,pharmacy,40.641322,-74.0073074
475,9130590699,"{
  ""coordinates"": [
    -7.398330199999999e+01,
    4.068895670000000e+01
  ],
  ""type"": ""Point""
}",11201,dentist,40.6889567,-73.983302
476,9725125211,"{
  ""coordinates"": [
    -7.402994470000000e+01,
    4.062664600000000e+01
  ],
  ""type"": ""Point""
}",11209,dentist,40.626646,-74.0299447
477,9270560315,"{
  ""coordinates"": [
    -7.395898270000001e+01,
    4.065077700000000e+01
  ],
  ""type"": ""Point""
}",11226,clinic,40.650777,-73.9589827
478,9588431432,"{
  ""coordinates"": [
    -7.394439389999999e+01,
    4.069579050000000e+01
  ],
  ""type"": ""Point""
}",11206,pharmacy,40.6957905,-73.9443939
479,9690675470,"{
  ""coordinates"": [
    -7.402600860000000e+01,
    4.062909570000000e+01
  ],
  ""type"": ""Point""
}",11209,clinic,40.6290957,-74.0260086
480,7041136087,"{
  ""coordinates"": [
    -7.397892150000000e+01,
    4.061665130000000e+01
  ],
  ""type"": ""Point""
}",11204,clinic,40.6166513,-73.9789215
481,5888546108,"{
  ""coordinates"": [
    -7.398773350000000e+01,
    4.066694840000000e+01
  ],
  ""type"": ""Point""
}",11215,social_facility,40.6669484,-73.9877335
482,9756124143,"{
  ""coordinates"": [
    -7.391055230000001e+01,
    4.065450200000000e+01
  ],
  ""type"": ""Point""
}",11212,clinic,40.654502,-73.9105523
483,9750101475,"{
  ""coordinates"": [
    -7.397882430000000e+01,
    4.064321140000000e+01
  ],
  ""type"": ""Point""
}",11218,pharmacy,40.6432114,-73.9788243
484,6157505385,"{
  ""coordinates"": [
    -7.402444400000000e+01,
    4.061656520000000e+01
  ],
  ""type"": ""Point""
}",11209,hospital,40.6165652,-74.024444
485,4961794224,"{
  ""coordinates"": [
    -7.402596240000000e+01,
    4.062920930000000e+01
  ],
  ""type"": ""Point""
}",11209,dentist,40.6292093,-74.0259624
486,9193984161,"{
  ""coordinates"": [
    -7.398680630000000e+01,
    4.069210050000000e+01
  ],
  ""type"": ""Point""
}",11201,pharmacy,40.6921005,-73.9868063
487,4092436125,"{
  ""coordinates"": [
    -7.395195610000000e+01,
    4.068067080000000e+01
  ],
  ""type"": ""Point""
}",11216,dentist,40.6806708,-73.9519561
488,5345171124,"{
  ""coordinates"": [
    -7.398321890000000e+01,
    4.067657810000000e+01
  ],
  ""type"": ""Point""
}",11215,dentist,40.6765781,-73.9832189
489,3134690527,"{
  ""coordinates"": [
    -7.398687330000000e+01,
    4.070197600000000e+01
  ],
  ""type"": ""Point""
}",11201,pharmacy,40.701976,-73.9868733
490,5414667928,"{
  ""coordinates"": [
    -7.402284000000000e+01,
    4.061553040000000e+01
  ],
  ""type"": ""Point""
}",11228,clinic,40.6155304,-74.02284
491,2552595830,"{
  ""coordinates"": [
    -7.402915440000000e+01,
    4.062134500000000e+01
  ],
  ""type"": ""Point""
}",11209,pharmacy,40.621345,-74.0291544
492,9132534654,"{
  ""coordinates"": [
    -7.395046220000000e+01,
    4.058391680000000e+01
  ],
  ""type"": ""Point""
}",11235,doctors,40.5839168,-73.9504622
493,9142470612,"{
  ""coordinates"": [
    -7.400597940000000e+01,
    4.063869710000000e+01
  ],
  ""type"": ""Point""
}",11220,pharmacy,40.6386971,-74.0059794
494,2562056258,"{
  ""coordinates"": [
    -7.397923369999999e+01,
    4.065755320000000e+01
  ],
  ""type"": ""Point""
}",11215,dentist,40.6575532,-73.9792337
495,9236322452,"{
  ""coordinates"": [
    -7.397226760000000e+01,
    4.057916500000000e+01
  ],
  ""type"": ""Point""
}",11224,clinic,40.579165,-73.9722676
496,9421489408,"{
  ""coordinates"": [
    -7.395522300000000e+01,
    4.067072020000000e+01
  ],
  ""type"": ""Point""
}",11216,dentist,40.6707202,-73.955223
497,2713490446,"{
  ""coordinates"": [
    -7.395904020000000e+01,
    4.067819880000000e+01
  ],
  ""type"": ""Point""
}",11238,social_facility,40.6781988,-73.9590402
498,2568849012,"{
  ""coordinates"": [
    -7.397350120000000e+01,
    4.067801150000000e+01
  ],
  ""type"": ""Point""
}",11217,pharmacy,40.6780115,-73.9735012
499,6682052648,"{
  ""coordinates"": [
    -7.396424469999999e+01,
    4.070907990000000e+01
  ],
  ""type"": ""Point""
}",11249,clinic,40.7090799,-73.9642447
500,2782255501,"{
  ""coordinates"": [
    -7.395759970000000e+01,
    4.070816200000000e+01
  ],
  ""type"": ""Point""
}",11211,pharmacy,40.708162,-73.9575997
501,5709849142,"{
  ""coordinates"": [
    -7.398317480000000e+01,
    4.067315620000000e+01
  ],
  ""type"": ""Point""
}",11215,clinic,40.6731562,-73.9831748
502,5371098222,"{
  ""coordinates"": [
    -7.393588200000001e+01,
    4.060088060000000e+01
  ],
  ""type"": ""Point""
}",11229,pharmacy,40.6008806,-73.935882
503,3356363293,"{
  ""coordinates"": [
    -7.395219489999999e+01,
    4.072600960000000e+01
  ],
  ""type"": ""Point""
}",11222,pharmacy,40.7260096,-73.9521949
504,5417034443,"{
  ""coordinates"": [
    -7.389531370000000e+01,
    4.067177720000000e+01
  ],
  ""type"": ""Point""
}",11207,clinic,40.6717772,-73.8953137
505,2563051687,"{
  ""coordinates"": [
    -7.393432030000000e+01,
    4.060052290000000e+01
  ],
  ""type"": ""Point""
}",11229,pharmacy,40.6005229,-73.9343203
506,5640342894,"{
  ""coordinates"": [
    -7.391522440000000e+01,
    4.070527950000000e+01
  ],
  ""type"": ""Point""
}",11237,doctors,40.7052795,-73.9152244
507,9588356398,"{
  ""coordinates"": [
    -7.395577179999999e+01,
    4.069474790000000e+01
  ],
  ""type"": ""Point""
}",11205,doctors,40.6947479,-73.9557718
508,9501274131,"{
  ""coordinates"": [
    -7.400380810000000e+01,
    4.065105820000000e+01
  ],
  ""type"": ""Point""
}",11232,dentist,40.6510582,-74.0038081
509,2550142919,"{
  ""coordinates"": [
    -7.394755720000001e+01,
    4.068040350000000e+01
  ],
  ""type"": ""Point""
}",11216,pharmacy,40.6804035,-73.9475572
510,8121973588,"{
  ""coordinates"": [
    -7.395419600000000e+01,
    4.071419950000000e+01
  ],
  ""type"": ""Point""
}",11211,dentist,40.7141995,-73.954196
511,2550100281,"{
  ""coordinates"": [
    -7.399414109999999e+01,
    4.066007810000000e+01
  ],
  ""type"": ""Point""
}",11215,social_facility,40.6600781,-73.9941411
512,8495020437,"{
  ""coordinates"": [
    -7.397209370000000e+01,
    4.067443900000000e+01
  ],
  ""type"": ""Point""
}",11217,dentist,40.674439,-73.9720937
513,5741900966,"{
  ""coordinates"": [
    -7.397375220000001e+01,
    4.067478670000000e+01
  ],
  ""type"": ""Point""
}",11217,doctors,40.6747867,-73.9737522
514,5163871691,"{
  ""coordinates"": [
    -7.392833229999999e+01,
    4.069321550000000e+01
  ],
  ""type"": ""Point""
}",11221,pharmacy,40.6932155,-73.9283323
515,6592299144,"{
  ""coordinates"": [
    -7.399145780000001e+01,
    4.061812430000000e+01
  ],
  ""type"": ""Point""
}",11204,pharmacy,40.6181243,-73.9914578
516,8706930357,"{
  ""coordinates"": [
    -7.395610619999999e+01,
    4.068107560000000e+01
  ],
  ""type"": ""Point""
}",11238,social_facility,40.6810756,-73.9561062
517,6595255508,"{
  ""coordinates"": [
    -7.396148830000000e+01,
    4.065429750000000e+01
  ],
  ""type"": ""Point""
}",11226,dentist,40.6542975,-73.9614883
518,7859062374,"{
  ""coordinates"": [
    -7.396009970000000e+01,
    4.057826540000000e+01
  ],
  ""type"": ""Point""
}",11235,pharmacy,40.5782654,-73.9600997
519,8395373224,"{
  ""coordinates"": [
    -7.397376629999999e+01,
    4.067476560000000e+01
  ],
  ""type"": ""Point""
}",11217,doctors,40.6747656,-73.9737663
520,3315132868,"{
  ""coordinates"": [
    -7.396472470000000e+01,
    4.057674610000000e+01
  ],
  ""type"": ""Point""
}",11235,pharmacy,40.5767461,-73.9647247
521,6920764105,"{
  ""coordinates"": [
    -7.398787980000000e+01,
    4.066972410000000e+01
  ],
  ""type"": ""Point""
}",11215,doctors,40.6697241,-73.9878798
522,2552542715,"{
  ""coordinates"": [
    -7.403115910000000e+01,
    4.061646250000000e+01
  ],
  ""type"": ""Point""
}",11209,dentist,40.6164625,-74.0311591
523,2568202456,"{
  ""coordinates"": [
    -7.395678880000000e+01,
    4.069862020000000e+01
  ],
  ""type"": ""Point""
}",11205,clinic,40.6986202,-73.9567888
524,5872318497,"{
  ""coordinates"": [
    -7.398529670000001e+01,
    4.067015420000000e+01
  ],
  ""type"": ""Point""
}",11215,doctors,40.6701542,-73.9852967
525,9725815621,"{
  ""coordinates"": [
    -7.398351570000000e+01,
    4.067631610000000e+01
  ],
  ""type"": ""Point""
}",11215,clinic,40.6763161,-73.9835157
526,9687175475,"{
  ""coordinates"": [
    -7.401187200000000e+01,
    4.062863990000000e+01
  ],
  ""type"": ""Point""
}",11219,pharmacy,40.6286399,-74.011872
527,5330439279,"{
  ""coordinates"": [
    -7.397595269999999e+01,
    4.067815430000000e+01
  ],
  ""type"": ""Point""
}",11217,dentist,40.6781543,-73.9759527
528,5747108150,"{
  ""coordinates"": [
    -7.397967190000000e+01,
    4.064285350000000e+01
  ],
  ""type"": ""Point""
}",11218,pharmacy,40.6428535,-73.9796719
529,357623602,"{
  ""coordinates"": [
    -7.393377280000000e+01,
    4.065924470000000e+01
  ],
  ""type"": ""Point""
}",11203,social_facility,40.6592447,-73.9337728
530,5804793327,"{
  ""coordinates"": [
    -7.398463630000001e+01,
    4.066816040000000e+01
  ],
  ""type"": ""Point""
}",11215,doctors,40.6681604,-73.9846363
531,5741900965,"{
  ""coordinates"": [
    -7.397215100000000e+01,
    4.067513780000000e+01
  ],
  ""type"": ""Point""
}",11217,doctors,40.6751378,-73.972151
532,5595549615,"{
  ""coordinates"": [
    -7.394515360000000e+01,
    4.071136150000000e+01
  ],
  ""type"": ""Point""
}",11211,pharmacy,40.7113615,-73.9451536
533,5058099321,"{
  ""coordinates"": [
    -7.399804500000000e+01,
    4.060503950000000e+01
  ],
  ""type"": ""Point""
}",11214,pharmacy,40.6050395,-73.998045
534,2552542760,"{
  ""coordinates"": [
    -7.403271300000000e+01,
    4.061420840000000e+01
  ],
  ""type"": ""Point""
}",11209,pharmacy,40.6142084,-74.032713
535,9224567146,"{
  ""coordinates"": [
    -7.394119209999999e+01,
    4.070401000000000e+01
  ],
  ""type"": ""Point""
}",11206,social_facility,40.70401,-73.9411921
536,2561966507,"{
  ""coordinates"": [
    -7.398061060000001e+01,
    4.064245770000000e+01
  ],
  ""type"": ""Point""
}",11218,pharmacy,40.6424577,-73.9806106
537,2557064673,"{
  ""coordinates"": [
    -7.400422510000000e+01,
    4.060840630000000e+01
  ],
  ""type"": ""Point""
}",11214,doctors,40.6084063,-74.0042251
538,5163873176,"{
  ""coordinates"": [
    -7.391003560000000e+01,
    4.069421500000000e+01
  ],
  ""type"": ""Point""
}",11237,pharmacy,40.694215,-73.9100356
539,6216368378,"{
  ""coordinates"": [
    -7.398157290000000e+01,
    4.068548640000000e+01
  ],
  ""type"": ""Point""
}",11217,dentist,40.6854864,-73.9815729
540,7884716848,"{
  ""coordinates"": [
    -7.399256099999999e+01,
    4.069179610000000e+01
  ],
  ""type"": ""Point""
}",11201,doctors,40.6917961,-73.992561
541,5837155211,"{
  ""coordinates"": [
    -7.397146360000001e+01,
    4.067494860000000e+01
  ],
  ""type"": ""Point""
}",11217,dentist,40.6749486,-73.9714636
542,9530914618,"{
  ""coordinates"": [
    -7.395247460000000e+01,
    4.068040580000000e+01
  ],
  ""type"": ""Point""
}",11216,pharmacy,40.6804058,-73.9524746
543,6240123488,"{
  ""coordinates"": [
    -7.395002030000001e+01,
    4.067310200000000e+01
  ],
  ""type"": ""Point""
}",11216,dentist,40.673102,-73.9500203
544,5673620475,"{
  ""coordinates"": [
    -7.397853660000000e+01,
    4.067082090000000e+01
  ],
  ""type"": ""Point""
}",11215,dentist,40.6708209,-73.9785366
545,7893742917,"{
  ""coordinates"": [
    -7.395778150000000e+01,
    4.064615690000000e+01
  ],
  ""type"": ""Point""
}",11226,dentist,40.6461569,-73.9577815
546,5415301651,"{
  ""coordinates"": [
    -7.391132790000000e+01,
    4.070127790000000e+01
  ],
  ""type"": ""Point""
}",11237,doctors,40.7012779,-73.9113279
547,2566658433,"{
  ""coordinates"": [
    -7.396100819999999e+01,
    4.066072980000000e+01
  ],
  ""type"": ""Point""
}",11225,pharmacy,40.6607298,-73.9610082
548,8829851950,"{
  ""coordinates"": [
    -7.400303020000000e+01,
    4.061783820000000e+01
  ],
  ""type"": ""Point""
}",11228,pharmacy,40.6178382,-74.0030302
549,7884716855,"{
  ""coordinates"": [
    -7.399352469999999e+01,
    4.069240110000000e+01
  ],
  ""type"": ""Point""
}",11201,doctors,40.6924011,-73.9935247
550,2568698371,"{
  ""coordinates"": [
    -7.398328280000000e+01,
    4.066423340000000e+01
  ],
  ""type"": ""Point""
}",11215,doctors,40.6642334,-73.9832828
551,6659221981,"{
  ""coordinates"": [
    -7.396986219999999e+01,
    4.067562800000000e+01
  ],
  ""type"": ""Point""
}",11238,dentist,40.675628,-73.9698622
552,2568252787,"{
  ""coordinates"": [
    -7.396642460000000e+01,
    4.068952270000000e+01
  ],
  ""type"": ""Point""
}",11205,dentist,40.6895227,-73.9664246
553,9750101473,"{
  ""coordinates"": [
    -7.397869439999999e+01,
    4.064326030000000e+01
  ],
  ""type"": ""Point""
}",11218,doctors,40.6432603,-73.9786944
554,8753876453,"{
  ""coordinates"": [
    -7.395367310000000e+01,
    4.057962030000000e+01
  ],
  ""type"": ""Point""
}",11235,dentist,40.5796203,-73.9536731
555,9419303534,"{
  ""coordinates"": [
    -7.395663709999999e+01,
    4.066583410000000e+01
  ],
  ""type"": ""Point""
}",11225,clinic,40.6658341,-73.9566371
556,9380088788,"{
  ""coordinates"": [
    -7.397093500000000e+01,
    4.059735630000000e+01
  ],
  ""type"": ""Point""
}",11223,doctors,40.5973563,-73.970935
557,4868932721,"{
  ""coordinates"": [
    -7.398065690000000e+01,
    4.064270550000000e+01
  ],
  ""type"": ""Point""
}",11218,doctors,40.6427055,-73.9806569
558,1829290146,"{
  ""coordinates"": [
    -7.396002009999999e+01,
    4.067548270000000e+01
  ],
  ""type"": ""Point""
}",11238,pharmacy,40.6754827,-73.9600201
559,6792753419,"{
  ""coordinates"": [
    -7.392870170000000e+01,
    4.069296840000000e+01
  ],
  ""type"": ""Point""
}",11221,dentist,40.6929684,-73.9287017
560,9393419570,"{
  ""coordinates"": [
    -7.399061990000000e+01,
    4.061890940000000e+01
  ],
  ""type"": ""Point""
}",11204,clinic,40.6189094,-73.9906199
561,1434037226,"{
  ""coordinates"": [
    -7.398618140000001e+01,
    4.067314170000000e+01
  ],
  ""type"": ""Point""
}",11215,clinic,40.6731417,-73.9861814
562,7185598662,"{
  ""coordinates"": [
    -7.399460030000000e+01,
    4.069052360000000e+01
  ],
  ""type"": ""Point""
}",11201,doctors,40.6905236,-73.9946003
563,5747115925,"{
  ""coordinates"": [
    -7.399026520000000e+01,
    4.063558880000000e+01
  ],
  ""type"": ""Point""
}",11219,dentist,40.6355888,-73.9902652
564,2552554749,"{
  ""coordinates"": [
    -7.403372310000000e+01,
    4.061817490000000e+01
  ],
  ""type"": ""Point""
}",11209,clinic,40.6181749,-74.0337231
565,9219597083,"{
  ""coordinates"": [
    -7.394033020000001e+01,
    4.059348670000000e+01
  ],
  ""type"": ""Point""
}",11235,dentist,40.5934867,-73.9403302
566,6202209185,"{
  ""coordinates"": [
    -7.395097440000001e+01,
    4.059890210000000e+01
  ],
  ""type"": ""Point""
}",11229,hospital,40.5989021,-73.9509744
567,6154077663,"{
  ""coordinates"": [
    -7.396505150000000e+01,
    4.067262780000000e+01
  ],
  ""type"": ""Point""
}",11238,doctors,40.6726278,-73.9650515
568,8888372298,"{
  ""coordinates"": [
    -7.396982540000000e+01,
    4.059071130000000e+01
  ],
  ""type"": ""Point""
}",11223,pharmacy,40.5907113,-73.9698254
569,3356449899,"{
  ""coordinates"": [
    -7.395364920000000e+01,
    4.072855610000000e+01
  ],
  ""type"": ""Point""
}",11222,pharmacy,40.7285561,-73.9536492
570,9740077031,"{
  ""coordinates"": [
    -7.397954180000001e+01,
    4.064218380000000e+01
  ],
  ""type"": ""Point""
}",11218,doctors,40.6421838,-73.9795418
571,5912834593,"{
  ""coordinates"": [
    -7.399529060000000e+01,
    4.068397800000000e+01
  ],
  ""type"": ""Point""
}",11231,doctors,40.683978,-73.9952906
572,2568698361,"{
  ""coordinates"": [
    -7.398131610000000e+01,
    4.066351970000000e+01
  ],
  ""type"": ""Point""
}",11215,doctors,40.6635197,-73.9813161
573,7260154677,"{
  ""coordinates"": [
    -7.390828950000000e+01,
    4.067701440000000e+01
  ],
  ""type"": ""Point""
}",11233,doctors,40.6770144,-73.9082895
574,8149439392,"{
  ""coordinates"": [
    -7.398108540000000e+01,
    4.068861870000000e+01
  ],
  ""type"": ""Point""
}",11217,social_facility,40.6886187,-73.9810854
575,5916175885,"{
  ""coordinates"": [
    -7.399651760000000e+01,
    4.059966960000000e+01
  ],
  ""type"": ""Point""
}",11214,hospital,40.5996696,-73.9965176
576,8213705591,"{
  ""coordinates"": [
    -7.394335220000001e+01,
    4.060047500000000e+01
  ],
  ""type"": ""Point""
}",11229,dentist,40.600475,-73.9433522
577,8766491890,"{
  ""coordinates"": [
    -7.399071400000000e+01,
    4.066831690000000e+01
  ],
  ""type"": ""Point""
}",11215,clinic,40.6683169,-73.990714
578,5656966148,"{
  ""coordinates"": [
    -7.399251649999999e+01,
    4.061661820000000e+01
  ],
  ""type"": ""Point""
}",11204,pharmacy,40.6166182,-73.9925165
579,5415311085,"{
  ""coordinates"": [
    -7.399138440000000e+01,
    4.062515620000000e+01
  ],
  ""type"": ""Point""
}",11204,clinic,40.6251562,-73.9913844
580,5487146969,"{
  ""coordinates"": [
    -7.398272650000000e+01,
    4.067828530000000e+01
  ],
  ""type"": ""Point""
}",11217,social_facility,40.6782853,-73.9827265
581,6242987488,"{
  ""coordinates"": [
    -7.396421650000001e+01,
    4.060780750000000e+01
  ],
  ""type"": ""Point""
}",11223,hospital,40.6078075,-73.9642165
582,6334493685,"{
  ""coordinates"": [
    -7.399161610000000e+01,
    4.066287930000000e+01
  ],
  ""type"": ""Point""
}",11215,pharmacy,40.6628793,-73.9916161
583,8501495833,"{
  ""coordinates"": [
    -7.401332240000001e+01,
    4.067717070000000e+01
  ],
  ""type"": ""Point""
}",11231,pharmacy,40.6771707,-74.0133224
584,5656966136,"{
  ""coordinates"": [
    -7.399284120000000e+01,
    4.061670470000000e+01
  ],
  ""type"": ""Point""
}",11204,clinic,40.6167047,-73.9928412
585,9431874769,"{
  ""coordinates"": [
    -7.401760980000000e+01,
    4.064193280000000e+01
  ],
  ""type"": ""Point""
}",11220,pharmacy,40.6419328,-74.0176098
586,4194156006,"{
  ""coordinates"": [
    -7.399679050000000e+01,
    4.067981740000000e+01
  ],
  ""type"": ""Point""
}",11231,pharmacy,40.6798174,-73.9967905
587,2605312632,"{
  ""coordinates"": [
    -7.398719579999999e+01,
    4.069121870000000e+01
  ],
  ""type"": ""Point""
}",11201,pharmacy,40.6912187,-73.9871958
588,9454287559,"{
  ""coordinates"": [
    -7.399128159999999e+01,
    4.064440350000000e+01
  ],
  ""type"": ""Point""
}",11219,social_facility,40.6444035,-73.9912816
589,3153600512,"{
  ""coordinates"": [
    -7.394235540000000e+01,
    4.071165250000000e+01
  ],
  ""type"": ""Point""
}",11211,pharmacy,40.7116525,-73.9423554
590,5820704994,"{
  ""coordinates"": [
    -7.398644100000000e+01,
    4.068966040000000e+01
  ],
  ""type"": ""Point""
}",11201,clinic,40.6896604,-73.986441
591,7157452240,"{
  ""coordinates"": [
    -7.402771799999999e+01,
    4.061697230000000e+01
  ],
  ""type"": ""Point""
}",11209,doctors,40.6169723,-74.027718
